{"type":"FeatureCollection","features":[{"type":"Feature","id":28196791,"properties":{"osm_id":28196791,"name":"Accelerator Building","code":null,"alt_code":null,"height_m":10.5,"levels":3,"campus":false},"geometry":{"type":"Polygon","coordinates":[[[-80.5496518,43.4773978],[-80.5494396,43.4770855],[-80.5494276,43.4770898],[-80.5494206,43.4770795],[-80.5485689,43.477384],[-80.548576,43.4773944],[-80.5485583,43.4774007],[-80.5487695,43.4777115],[-80.5487831,43.4777066],[-80.5487908,43.4777179],[-80.549114,43.4776023],[-80.5491418,43.4776431],[-80.5493217,43.4775787],[-80.5492942,43.4775382],[-80.5496463,43.4774122],[-80.5496394,43.4774022],[-80.5496518,43.4773978]]]}},{"type":"Feature","id":39606003,"properties":{"osm_id":39606003,"name":"Tandoori Zaoka","code":null,"alt_code":null,"height_m":3.5,"levels":1,"campus":false},"geometry":{"type":"Polygon","coordinates":[[[-80.5368775,43.4721514],[-80.5368056,43.472177],[-80.5367526,43.4720986],[-80.5368245,43.472073],[-80.5368775,43.4721514]]]}},{"type":"Feature","id":39606004,"properties":{"osm_id":39606004,"name":"Best Value Optical","code":null,"alt_code":null,"height_m":3.5,"levels":1,"campus":false},"geometry":{"type":"Polygon","coordinates":[[[-80.5368056,43.472177],[-80.5367304,43.4722038],[-80.5366774,43.4721254],[-80.5367526,43.4720986],[-80.5368056,43.472177]]]}},{"type":"Feature","id":39606007,"properties":{"osm_id":39606007,"name":"Popeye's Supplements","code":null,"alt_code":null,"height_m":3.5,"levels":1,"campus":false},"geometry":{"type":"Polygon","coordinates":[[[-80.5367304,43.4722038],[-80.5366472,43.4722334],[-80.5365941,43.4721551],[-80.5366774,43.4721254],[-80.5367304,43.4722038]]]}},{"type":"Feature","id":39606008,"properties":{"osm_id":39606008,"name":"Rooster's Fried Chicken","code":null,"alt_code":null,"height_m":3.5,"levels":1,"campus":false},"geometry":{"type":"Polygon","coordinates":[[[-80.5369169,43.4720154],[-80.5370172,43.4721593],[-80.5372665,43.4720679],[-80.5371918,43.4719607],[-80.5371662,43.471924],[-80.5369169,43.4720154]]]}},{"type":"Feature","id":39606010,"properties":{"osm_id":39606010,"name":"Aunty's Kitchen","code":null,"alt_code":null,"height_m":3.5,"levels":1,"campus":false},"geometry":{"type":"Polygon","coordinates":[[[-80.5373295,43.4721584],[-80.5371414,43.4722274],[-80.5371839,43.4722884],[-80.537372,43.4722194],[-80.5373295,43.4721584]]]}},{"type":"Feature","id":39606016,"properties":{"osm_id":39606016,"name":"Molly Bloom's Irish Pub","code":null,"alt_code":null,"height_m":3.5,"levels":1,"campus":false},"geometry":{"type":"Polygon","coordinates":[[[-80.5372165,43.4729649],[-80.537352,43.4729133],[-80.5374341,43.4730268],[-80.5372986,43.4730785],[-80.5372165,43.4729649]]]}},{"type":"Feature","id":39606036,"properties":{"osm_id":39606036,"name":"Fresh Burrito","code":null,"alt_code":null,"height_m":3.5,"levels":1,"campus":false},"geometry":{"type":"Polygon","coordinates":[[[-80.5380306,43.4728014],[-80.5379594,43.4728308],[-80.5378846,43.4727252],[-80.5379543,43.4726953],[-80.5380306,43.4728014]]]}},{"type":"Feature","id":39606038,"properties":{"osm_id":39606038,"name":"Super Chicken","code":null,"alt_code":null,"height_m":12,"levels":null,"campus":false},"geometry":{"type":"Polygon","coordinates":[[[-80.5383703,43.4726687],[-80.5382556,43.4727132],[-80.5381742,43.4726076],[-80.5383025,43.4725613],[-80.53828,43.4725297],[-80.5383334,43.4725098],[-80.5383663,43.4725549],[-80.5383196,43.472577],[-80.5383362,43.4726013],[-80.5383312,43.4726161],[-80.5383703,43.4726687]]]}},{"type":"Feature","id":39606039,"properties":{"osm_id":39606039,"name":"Phoenix Cannabis","code":null,"alt_code":null,"height_m":12,"levels":null,"campus":false},"geometry":{"type":"Polygon","coordinates":[[[-80.5382556,43.4727132],[-80.5381661,43.4727475],[-80.5380904,43.472641],[-80.5381742,43.4726076],[-80.5382556,43.4727132]]]}},{"type":"Feature","id":39606041,"properties":{"osm_id":39606041,"name":"Dine Stination","code":null,"alt_code":null,"height_m":12,"levels":null,"campus":false},"geometry":{"type":"Polygon","coordinates":[[[-80.5378837,43.4728604],[-80.5377619,43.4729135],[-80.5376824,43.4728077],[-80.5378097,43.4727565],[-80.5378837,43.4728604]]]}},{"type":"Feature","id":39606042,"properties":{"osm_id":39606042,"name":"Slap Burger","code":null,"alt_code":null,"height_m":12,"levels":null,"campus":false},"geometry":{"type":"Polygon","coordinates":[[[-80.5379594,43.4728308],[-80.5378837,43.4728604],[-80.5378097,43.4727565],[-80.5378846,43.4727252],[-80.5379594,43.4728308]]]}},{"type":"Feature","id":39606043,"properties":{"osm_id":39606043,"name":"Yunshang Rice Noodle","code":null,"alt_code":null,"height_m":12,"levels":null,"campus":false},"geometry":{"type":"Polygon","coordinates":[[[-80.5377619,43.4729135],[-80.5376892,43.4729423],[-80.5376089,43.4728387],[-80.5376824,43.4728077],[-80.5377619,43.4729135]]]}},{"type":"Feature","id":39606047,"properties":{"osm_id":39606047,"name":"Baba Chicken Grill","code":null,"alt_code":null,"height_m":12,"levels":null,"campus":false},"geometry":{"type":"Polygon","coordinates":[[[-80.5381661,43.4727475],[-80.538084,43.4727801],[-80.5380023,43.4726761],[-80.5380904,43.472641],[-80.5381661,43.4727475]]]}},{"type":"Feature","id":39606049,"properties":{"osm_id":39606049,"name":"University Convenience","code":null,"alt_code":null,"height_m":12,"levels":null,"campus":false},"geometry":{"type":"Polygon","coordinates":[[[-80.538084,43.4727801],[-80.5380306,43.4728014],[-80.5379543,43.4726953],[-80.5380023,43.4726761],[-80.538084,43.4727801]]]}},{"type":"Feature","id":39606050,"properties":{"osm_id":39606050,"name":"Fantastic Wok!","code":null,"alt_code":null,"height_m":12,"levels":null,"campus":false},"geometry":{"type":"Polygon","coordinates":[[[-80.5375889,43.4729844],[-80.537512,43.4730162],[-80.5374305,43.4729126],[-80.5375075,43.4728807],[-80.5375889,43.4729844]]]}},{"type":"Feature","id":39606053,"properties":{"osm_id":39606053,"name":null,"code":null,"alt_code":null,"height_m":3.5,"levels":1,"campus":false},"geometry":{"type":"Polygon","coordinates":[[[-80.5394181,43.47211],[-80.5393713,43.4721903],[-80.5394307,43.4722097],[-80.5394226,43.4722278],[-80.5394342,43.4722314],[-80.5394071,43.4722749],[-80.5393493,43.4722546],[-80.539345,43.4722652],[-80.5391993,43.4723207],[-80.5391631,43.4723108],[-80.5391224,43.4722357],[-80.539091,43.4721714],[-80.5391226,43.472117],[-80.5391425,43.4721226],[-80.5391892,43.4720314],[-80.5392855,43.4719988],[-80.5393361,43.472002],[-80.5394181,43.47211]]]}},{"type":"Feature","id":43250596,"properties":{"osm_id":43250596,"name":"Physical Activities Complex","code":"PAC","alt_code":null,"height_m":12,"levels":null,"campus":true},"geometry":{"type":"Polygon","coordinates":[[[-80.5458906,43.471847],[-80.5460453,43.4718805],[-80.5460695,43.471886],[-80.5460904,43.4718903],[-80.5460979,43.4718917],[-80.5461081,43.4718669],[-80.5461566,43.4718774],[-80.5464988,43.4719517],[-80.5465448,43.4719617],[-80.546537,43.4719834],[-80.5465699,43.4719905],[-80.5466056,43.4719983],[-80.5466317,43.4720039],[-80.5466543,43.4720088],[-80.5467455,43.4720286],[-80.5467125,43.4721087],[-80.5466991,43.4721412],[-80.5466891,43.472169],[-80.5466479,43.47216],[-80.5466408,43.4721789],[-80.5466563,43.4721826],[-80.5465205,43.4725028],[-80.5465071,43.4725001],[-80.5465009,43.4725137],[-80.5465413,43.4725237],[-80.5465329,43.4725448],[-80.5464941,43.472639],[-80.5463481,43.4726073],[-80.546317,43.4726009],[-80.5462992,43.472649],[-80.5462286,43.4726349],[-80.5460998,43.4729412],[-80.5457352,43.4728621],[-80.5458742,43.4725243],[-80.5458352,43.4725159],[-80.5458435,43.4724957],[-80.5458177,43.4724902],[-80.5457517,43.4724759],[-80.545646,43.4724529],[-80.5456545,43.4724323],[-80.5456765,43.4723789],[-80.5456913,43.4723428],[-80.5455715,43.4723168],[-80.5457215,43.4719526],[-80.5457706,43.4719632],[-80.5458378,43.4719778],[-80.5458439,43.4719631],[-80.5458459,43.4719584],[-80.5458622,43.4719186],[-80.5458906,43.471847]]]}},{"type":"Feature","id":43250604,"properties":{"osm_id":43250604,"name":"Engineering 2","code":"E2","alt_code":null,"height_m":14,"levels":4,"campus":true},"geometry":{"type":"Polygon","coordinates":[[[-80.5397344,43.4711542],[-80.539653,43.4710364],[-80.5396479,43.471029],[-80.5401691,43.4708394],[-80.5401584,43.4708239],[-80.5401438,43.4708292],[-80.5401312,43.470811],[-80.5401023,43.4707691],[-80.5400741,43.4707283],[-80.539755,43.4702661],[-80.5397691,43.470261],[-80.5397848,43.4702553],[-80.5397992,43.47025],[-80.5398317,43.4702382],[-80.5398925,43.4702161],[-80.5399024,43.4702305],[-80.5401287,43.4705582],[-80.5402287,43.470703],[-80.5402398,43.4707191],[-80.5402495,43.4707332],[-80.540269,43.4707614],[-80.5402806,43.4707781],[-80.5402652,43.4707837],[-80.5402712,43.4707923],[-80.5408784,43.4705715],[-80.5408921,43.4705665],[-80.540956,43.4705435],[-80.5409614,43.4705513],[-80.5409851,43.4705856],[-80.541007,43.4706175],[-80.5410761,43.4705911],[-80.5410809,43.4705979],[-80.5410907,43.4706119],[-80.5410209,43.4706378],[-80.5410825,43.4707267],[-80.5410558,43.4707364],[-80.5406033,43.4709009],[-80.5404722,43.4709486],[-80.5405968,43.471129],[-80.5406962,43.471273],[-80.5404733,43.471354],[-80.5404526,43.4713241],[-80.5403606,43.4711908],[-80.5402495,43.4710299],[-80.5400546,43.4711008],[-80.540063,43.471113],[-80.5400781,43.4711349],[-80.540122,43.4711189],[-80.5402407,43.4712911],[-80.5402624,43.4713222],[-80.5402808,43.4713486],[-80.5402647,43.4713544],[-80.540248,43.4713604],[-80.540229,43.4713344],[-80.5401848,43.47135],[-80.5399331,43.471442],[-80.5397696,43.4712052],[-80.5397344,43.4711542]]]}},{"type":"Feature","id":43250605,"properties":{"osm_id":43250605,"name":"Engineering 3","code":"E3","alt_code":null,"height_m":10.5,"levels":3,"campus":true},"geometry":{"type":"Polygon","coordinates":[[[-80.5398264,43.4716002],[-80.5400634,43.4715145],[-80.5401077,43.4715708],[-80.5401273,43.4715629],[-80.5401733,43.4715456],[-80.540088,43.4714213],[-80.540248,43.4713604],[-80.5402647,43.4713544],[-80.5402808,43.4713486],[-80.5403018,43.4713789],[-80.5404526,43.4713241],[-80.5404733,43.471354],[-80.5406962,43.471273],[-80.5405968,43.471129],[-80.5411483,43.4709284],[-80.5412983,43.4711456],[-80.5412062,43.4711791],[-80.541241,43.4712295],[-80.5410854,43.4712861],[-80.5411172,43.4713321],[-80.5412317,43.4712904],[-80.5412942,43.4713809],[-80.5413857,43.4713476],[-80.5415834,43.4716339],[-80.5414887,43.4716683],[-80.5411921,43.4717762],[-80.5412098,43.4718019],[-80.5411885,43.4718096],[-80.5411685,43.4718169],[-80.5411479,43.4718244],[-80.5411261,43.4718323],[-80.5411319,43.4718407],[-80.5410399,43.4718742],[-80.5410456,43.4718826],[-80.5410506,43.4718898],[-80.5411427,43.4718563],[-80.5411521,43.4718698],[-80.5411564,43.4718761],[-80.5411592,43.4718802],[-80.541172,43.4718987],[-80.5410799,43.4719322],[-80.5411091,43.4719745],[-80.5412083,43.4721182],[-80.5411754,43.4721302],[-80.540796,43.4722682],[-80.5407752,43.472238],[-80.5407264,43.4722558],[-80.5406478,43.472142],[-80.5406002,43.4721593],[-80.5405519,43.4720894],[-80.5404996,43.4721085],[-80.5404295,43.4720069],[-80.5398937,43.4723164],[-80.5398716,43.472341],[-80.5398649,43.4723641],[-80.5398699,43.4723897],[-80.5398859,43.4724149],[-80.5398626,43.4724233],[-80.5398412,43.4724317],[-80.5398216,43.4723972],[-80.5398156,43.4723712],[-80.5398173,43.4723446],[-80.5398307,43.4723196],[-80.5398518,43.4722977],[-80.5398837,43.4722763],[-80.540407,43.4719744],[-80.5403961,43.4719586],[-80.5404613,43.4719349],[-80.5404544,43.4719247],[-80.540433,43.471932],[-80.5404159,43.4719072],[-80.5404079,43.4718957],[-80.5404259,43.4718892],[-80.5404048,43.4718573],[-80.5402535,43.4719123],[-80.5401557,43.4717706],[-80.5401016,43.4717903],[-80.5400807,43.47176],[-80.5400713,43.4717464],[-80.5400428,43.4717568],[-80.540027,43.4717625],[-80.539971,43.4716814],[-80.5399537,43.4716563],[-80.5398847,43.4716814],[-80.5398645,43.4716521],[-80.5398264,43.4716002]]]}},{"type":"Feature","id":43250606,"properties":{"osm_id":43250606,"name":"Psychology, Anthropology & Sociology","code":"PAS","alt_code":null,"height_m":12,"levels":null,"campus":true},"geometry":{"type":"Polygon","coordinates":[[[-80.5422218,43.4668013],[-80.5423785,43.4668389],[-80.5424264,43.4668504],[-80.5425852,43.4668824],[-80.5426592,43.4669899],[-80.5427149,43.4670709],[-80.5427859,43.4670448],[-80.5429969,43.4673534],[-80.5429356,43.4673768],[-80.5429609,43.4674145],[-80.5428269,43.4674626],[-80.5428085,43.4674386],[-80.5427523,43.4674609],[-80.5426513,43.4673215],[-80.5426344,43.467328],[-80.5426028,43.46734],[-80.5425926,43.4673439],[-80.5428689,43.4677363],[-80.542716,43.4677918],[-80.5426076,43.4678335],[-80.5424835,43.4676629],[-80.5423768,43.4675088],[-80.5423253,43.4674345],[-80.5423506,43.4674259],[-80.5423276,43.4673904],[-80.5422801,43.4674066],[-80.5422044,43.4674339],[-80.5421958,43.467422],[-80.5421827,43.4674279],[-80.5421994,43.4674517],[-80.5421896,43.4674712],[-80.5421774,43.4674955],[-80.5421119,43.4675234],[-80.5420761,43.4674729],[-80.5420988,43.4674262],[-80.542129,43.4674156],[-80.5421221,43.4674067],[-80.5421058,43.4674108],[-80.5419459,43.4671701],[-80.5419207,43.467132],[-80.5418938,43.4671415],[-80.5418611,43.4670948],[-80.5418186,43.4671094],[-80.5417856,43.4670641],[-80.541729,43.4670848],[-80.5416644,43.4669944],[-80.5419175,43.4669067],[-80.5422218,43.4668013]]]}},{"type":"Feature","id":43250607,"properties":{"osm_id":43250607,"name":"J. R. Coutts Engineering Lecture Hall","code":"RCH","alt_code":null,"height_m":7,"levels":2,"campus":true},"geometry":{"type":"Polygon","coordinates":[[[-80.5408606,43.4700372],[-80.5409118,43.4700996],[-80.5409597,43.4700804],[-80.5409855,43.4701117],[-80.5409946,43.4701228],[-80.5410254,43.4701115],[-80.541046,43.4701384],[-80.5410614,43.470137],[-80.54109,43.4701445],[-80.541097,43.4701643],[-80.5410957,43.4701771],[-80.5410856,43.4701902],[-80.5411043,43.4702148],[-80.5410665,43.4702271],[-80.5410787,43.4702463],[-80.5410927,43.4702681],[-80.5410296,43.4702887],[-80.5410687,43.4703445],[-80.540955,43.4703856],[-80.5409611,43.4703936],[-80.5409659,43.4704014],[-80.5408967,43.4704271],[-80.5408876,43.4704124],[-80.5407909,43.4704448],[-80.5406548,43.4704942],[-80.5406058,43.470512],[-80.5405361,43.4705081],[-80.5404891,43.4704941],[-80.5404432,43.4704774],[-80.540399,43.4704489],[-80.5403699,43.470416],[-80.5403512,43.4703721],[-80.5403451,43.4703324],[-80.540351,43.4702848],[-80.5403603,43.4702543],[-80.5403796,43.4702275],[-80.5403964,43.4702133],[-80.5404082,43.4702034],[-80.5404944,43.4701745],[-80.5405847,43.4701406],[-80.5406798,43.4701049],[-80.540663,43.4700795],[-80.5406946,43.4700708],[-80.5407347,43.4700577],[-80.5407436,43.4700679],[-80.5407523,43.4700778],[-80.5408123,43.4700553],[-80.5408606,43.4700372]]]}},{"type":"Feature","id":43250608,"properties":{"osm_id":43250608,"name":"United College","code":"UTD","alt_code":null,"height_m":12,"levels":null,"campus":true},"geometry":{"type":"Polygon","coordinates":[[[-80.5469017,43.4678724],[-80.546841,43.4678906],[-80.5468279,43.4678676],[-80.5468029,43.4678758],[-80.5467653,43.4678882],[-80.5466295,43.4676778],[-80.5466004,43.4676327],[-80.5465879,43.4676374],[-80.5464564,43.4676865],[-80.5465165,43.4677668],[-80.5465767,43.4677485],[-80.5466155,43.4678049],[-80.5464574,43.4678553],[-80.546469,43.4678724],[-80.5466422,43.4678166],[-80.5467594,43.4680124],[-80.5466812,43.4680375],[-80.5466616,43.4680056],[-80.5464958,43.4680572],[-80.5464781,43.4680286],[-80.546342,43.4680292],[-80.5463399,43.4679856],[-80.5463369,43.467942],[-80.5463268,43.4679548],[-80.5463106,43.4679648],[-80.5462931,43.4679697],[-80.5462736,43.4679705],[-80.5462538,43.4679663],[-80.5462384,43.4679585],[-80.5462262,43.4679465],[-80.5462204,43.4679323],[-80.5462218,43.4679162],[-80.5462293,43.4679035],[-80.5462444,43.4678918],[-80.5462634,43.4678849],[-80.5462533,43.4678679],[-80.5462263,43.4678207],[-80.5462031,43.4677801],[-80.5461989,43.4677728],[-80.546086,43.4678077],[-80.5459102,43.4675079],[-80.5460334,43.4674699],[-80.5460811,43.4675513],[-80.5461421,43.4676552],[-80.5461533,43.4676742],[-80.546274,43.4676369],[-80.5464208,43.4675916],[-80.5465368,43.4675557],[-80.5465488,43.467552],[-80.5463988,43.4672934],[-80.5464524,43.4672772],[-80.5464424,43.4672585],[-80.5464387,43.4672517],[-80.5465009,43.4672341],[-80.5465141,43.4672586],[-80.5465301,43.4672538],[-80.5466043,43.4673723],[-80.5466531,43.4673575],[-80.5466766,43.4673985],[-80.5466296,43.4674127],[-80.5468018,43.467688],[-80.5468488,43.4676718],[-80.5468753,43.4677122],[-80.5468273,43.4677287],[-80.5468995,43.4678441],[-80.5468878,43.4678479],[-80.5469017,43.4678724]]]}},{"type":"Feature","id":43250609,"properties":{"osm_id":43250609,"name":"Minota Hagey Residence","code":"MHR","alt_code":null,"height_m":12,"levels":null,"campus":true},"geometry":{"type":"Polygon","coordinates":[[[-80.5425052,43.4656277],[-80.5425877,43.4656764],[-80.5426303,43.4656385],[-80.5427723,43.4657223],[-80.5427051,43.4657823],[-80.542731,43.4657976],[-80.5427128,43.4658139],[-80.5426856,43.4658382],[-80.5427523,43.4658776],[-80.5426562,43.4659633],[-80.5425978,43.4659288],[-80.5425319,43.4659876],[-80.5424195,43.4659212],[-80.5424881,43.4658599],[-80.5423269,43.4657647],[-80.5423441,43.4657494],[-80.5423589,43.4657362],[-80.5424198,43.4657721],[-80.5424398,43.4657543],[-80.5423938,43.4657271],[-80.5425052,43.4656277]]]}},{"type":"Feature","id":43250610,"properties":{"osm_id":43250610,"name":"Conrad Grebel University College","code":"CGR","alt_code":null,"height_m":10.5,"levels":3,"campus":true},"geometry":{"type":"Polygon","coordinates":[[[-80.5450658,43.4663305],[-80.5459338,43.4667974],[-80.5458237,43.4668956],[-80.5455692,43.4667625],[-80.5455067,43.4667317],[-80.5451771,43.4665593],[-80.5451303,43.4665616],[-80.5451071,43.4665474],[-80.5449434,43.4664656],[-80.5448415,43.4664775],[-80.544823,43.4664662],[-80.5448077,43.4663935],[-80.5444292,43.4664384],[-80.5444003,43.4663133],[-80.5443882,43.4663145],[-80.5443766,43.4662727],[-80.5444767,43.4662615],[-80.5444816,43.4662903],[-80.5447792,43.4662472],[-80.5447693,43.4661827],[-80.5449011,43.4660818],[-80.5449521,43.4660469],[-80.5449915,43.4660369],[-80.5451687,43.4661167],[-80.5451805,43.4661425],[-80.5451805,43.4661941],[-80.5450658,43.4663305]]]}},{"type":"Feature","id":43250611,"properties":{"osm_id":43250611,"name":"Health Services","code":"HS","alt_code":null,"height_m":7,"levels":2,"campus":true},"geometry":{"type":"Polygon","coordinates":[[[-80.5458605,43.4704966],[-80.5460183,43.4705364],[-80.5460391,43.4705035],[-80.5460709,43.470431],[-80.5460883,43.4704283],[-80.5460864,43.4704192],[-80.5460845,43.4704103],[-80.545932,43.4704319],[-80.5459208,43.4704004],[-80.5457075,43.4704274],[-80.5456871,43.4703184],[-80.5457689,43.470304],[-80.5457652,43.4702919],[-80.5463084,43.4702046],[-80.5463133,43.470223],[-80.5464039,43.47021],[-80.5464188,43.47025],[-80.5464473,43.4702446],[-80.5464653,43.4702955],[-80.5464281,43.4703054],[-80.5464479,43.4703599],[-80.5462966,43.4703878],[-80.5463189,43.4704724],[-80.5462644,43.470476],[-80.5462334,43.4705399],[-80.54618,43.4705219],[-80.5461672,43.4705395],[-80.5461554,43.4705709],[-80.5463586,43.4706221],[-80.5463305,43.4706808],[-80.5463733,43.4706916],[-80.5463298,43.4707826],[-80.5460998,43.4707246],[-80.546071,43.470785],[-80.5459276,43.4707488],[-80.5459492,43.4707037],[-80.5457817,43.4706615],[-80.5457863,43.470652],[-80.5458605,43.4704966]]]}},{"type":"Feature","id":43250612,"properties":{"osm_id":43250612,"name":"St. Jerome's University","code":"STJ","alt_code":null,"height_m":12,"levels":null,"campus":true},"geometry":{"type":"Polygon","coordinates":[[[-80.5449733,43.4691135],[-80.5455043,43.4691638],[-80.545503,43.469171],[-80.5456345,43.4691836],[-80.5456295,43.4692109],[-80.5456387,43.4692118],[-80.5456758,43.4692153],[-80.5456222,43.4695182],[-80.5458016,43.469535],[-80.5458042,43.4695225],[-80.5460487,43.4695461],[-80.5460853,43.4693495],[-80.5458791,43.4693293],[-80.5458987,43.469224],[-80.5459035,43.4691981],[-80.5459931,43.4692077],[-80.5465117,43.469257],[-80.5464885,43.4693903],[-80.5464065,43.4693819],[-80.5463709,43.4695684],[-80.5465519,43.4695879],[-80.5465305,43.4697144],[-80.5457808,43.4696395],[-80.5457945,43.4695686],[-80.5457604,43.4695656],[-80.5457472,43.4696367],[-80.5457362,43.4697058],[-80.5456104,43.4696928],[-80.5456408,43.4695731],[-80.5455997,43.4695687],[-80.5455843,43.4696545],[-80.5455404,43.4696497],[-80.5455498,43.4695947],[-80.545555,43.4695639],[-80.5455302,43.4695615],[-80.5455248,43.4695906],[-80.5454437,43.4695826],[-80.5454332,43.4696395],[-80.5453962,43.4696359],[-80.5453779,43.4697225],[-80.545238,43.4697082],[-80.5452703,43.4695401],[-80.5452902,43.4695416],[-80.5452955,43.4695034],[-80.545358,43.4694647],[-80.5453757,43.4693363],[-80.5454714,43.4692906],[-80.5449503,43.4692412],[-80.5449733,43.4691135]]]}},{"type":"Feature","id":43250613,"properties":{"osm_id":43250613,"name":"Resurrection College","code":null,"alt_code":null,"height_m":12,"levels":null,"campus":false},"geometry":{"type":"Polygon","coordinates":[[[-80.5495866,43.4674665],[-80.549718,43.4676505],[-80.5497341,43.4676422],[-80.54974,43.4676617],[-80.5499775,43.4676393],[-80.5499507,43.4674646],[-80.549659,43.4674909],[-80.5496476,43.4674451],[-80.5496811,43.4674398],[-80.5496791,43.4674193],[-80.5501827,43.467375],[-80.5501847,43.467396],[-80.5502196,43.4673916],[-80.5502276,43.4674378],[-80.5500513,43.4674568],[-80.5500801,43.4676072],[-80.5504563,43.4675712],[-80.5504603,43.4675824],[-80.5504945,43.4675765],[-80.5505119,43.4676743],[-80.5504757,43.4676792],[-80.5504744,43.4676962],[-80.55007,43.4677288],[-80.5500694,43.4677464],[-80.5498199,43.4677726],[-80.5498226,43.4678067],[-80.54984,43.4678048],[-80.5499493,43.4679629],[-80.5499306,43.4679688],[-80.5499473,43.4679936],[-80.5499011,43.4680276],[-80.54983,43.4680349],[-80.5498166,43.468015],[-80.5497857,43.4680135],[-80.5496898,43.4678573],[-80.5496781,43.4678481],[-80.549655,43.4678301],[-80.5494907,43.4679619],[-80.5494746,43.4679522],[-80.549425,43.4679887],[-80.5493311,43.4679191],[-80.5495973,43.4677103],[-80.5495778,43.4677006],[-80.5496013,43.4676909],[-80.5494672,43.4675118],[-80.5495866,43.4674665]]]}},{"type":"Feature","id":43250617,"properties":{"osm_id":43250617,"name":"University Club","code":"UC","alt_code":null,"height_m":12,"levels":null,"campus":true},"geometry":{"type":"Polygon","coordinates":[[[-80.5474887,43.4721662],[-80.547551,43.4722507],[-80.5476101,43.4722278],[-80.5476508,43.4722829],[-80.5475901,43.4723067],[-80.5475829,43.4723276],[-80.547577,43.4723447],[-80.5476108,43.472391],[-80.547536,43.47242],[-80.5475216,43.4724004],[-80.5473297,43.4724748],[-80.5473434,43.4724934],[-80.5473075,43.4725073],[-80.5472938,43.4724887],[-80.547238,43.4725104],[-80.5471494,43.47239],[-80.5472017,43.4722775],[-80.5473181,43.4722324],[-80.5473742,43.4722106],[-80.5474887,43.4721662]]]}},{"type":"Feature","id":43250618,"properties":{"osm_id":43250618,"name":"St. Jerome's University","code":"STJ","alt_code":null,"height_m":14,"levels":4,"campus":true},"geometry":{"type":"Polygon","coordinates":[[[-80.5454262,43.4685446],[-80.5455047,43.4686211],[-80.5455546,43.4686228],[-80.5455593,43.4685826],[-80.5455591,43.4685743],[-80.545621,43.4685746],[-80.5456216,43.468587],[-80.5456667,43.4685883],[-80.5456655,43.4686032],[-80.5457037,43.4686044],[-80.5457043,43.4686206],[-80.5457431,43.468621],[-80.5457437,43.468635],[-80.5457574,43.4686425],[-80.5457522,43.4686802],[-80.5457693,43.468681],[-80.5457749,43.4686357],[-80.5457944,43.4686363],[-80.5457947,43.4686186],[-80.5458729,43.4686181],[-80.5458869,43.4686413],[-80.5459992,43.4687558],[-80.5460309,43.468758],[-80.5460183,43.4688348],[-80.5459896,43.4688507],[-80.5459698,43.4688489],[-80.5459666,43.4688665],[-80.5459916,43.4688682],[-80.5459883,43.4688958],[-80.5460756,43.4689039],[-80.5460555,43.4690178],[-80.5459657,43.4690093],[-80.5459382,43.4691675],[-80.545689,43.4691442],[-80.54574,43.4688558],[-80.5457762,43.4688591],[-80.5457785,43.4688222],[-80.5457333,43.468782],[-80.5457024,43.4687801],[-80.5457024,43.4687938],[-80.5456774,43.4687938],[-80.5456579,43.4687933],[-80.5456579,43.4687755],[-80.5455888,43.4687673],[-80.5454824,43.4687556],[-80.5454831,43.4687439],[-80.5454682,43.4687443],[-80.5453826,43.4687936],[-80.5453591,43.4687934],[-80.545255,43.4686896],[-80.5452649,43.4686142],[-80.5453974,43.4685465],[-80.5454262,43.4685446]]]}},{"type":"Feature","id":43250619,"properties":{"osm_id":43250619,"name":"Arts Lecture Hall","code":"AL","alt_code":null,"height_m":7,"levels":2,"campus":true},"geometry":{"type":"Polygon","coordinates":[[[-80.5419394,43.4686234],[-80.5419721,43.4686715],[-80.5420441,43.4687766],[-80.5420502,43.4687855],[-80.5421537,43.4689388],[-80.5419966,43.468995],[-80.5419904,43.4689859],[-80.5419735,43.4689919],[-80.5419813,43.4690046],[-80.5419289,43.4690233],[-80.5419159,43.4690282],[-80.5419096,43.469016],[-80.5418793,43.4690276],[-80.541884,43.4690348],[-80.5416836,43.4691065],[-80.5414696,43.4687915],[-80.5416936,43.4687114],[-80.5417141,43.4687058],[-80.5419394,43.4686234]]]}},{"type":"Feature","id":43250620,"properties":{"osm_id":43250620,"name":"Ira G. Needles Hall","code":"NH","alt_code":null,"height_m":14,"levels":4,"campus":true},"geometry":{"type":"Polygon","coordinates":[[[-80.5437689,43.4698964],[-80.5437903,43.46993],[-80.5439553,43.4699197],[-80.5439647,43.4699835],[-80.5440196,43.4699889],[-80.5440109,43.4700385],[-80.5440545,43.4700434],[-80.5440022,43.4702974],[-80.5438046,43.4702744],[-80.543744,43.4702684],[-80.5437246,43.4702664],[-80.5437061,43.4702644],[-80.5435912,43.4702516],[-80.5436046,43.4701855],[-80.543631,43.4700448],[-80.5437782,43.4699933],[-80.5437515,43.4699597],[-80.5437033,43.4698916],[-80.5432553,43.4697806],[-80.5432224,43.4697319],[-80.5431291,43.469766],[-80.5431114,43.4697426],[-80.5431767,43.4697193],[-80.5431607,43.4696984],[-80.5431333,43.4696577],[-80.5431011,43.4696132],[-80.5430688,43.4695684],[-80.5436248,43.4693696],[-80.5436406,43.4693921],[-80.5436549,43.4693871],[-80.543789,43.4695842],[-80.5437665,43.469592],[-80.5437584,43.4696142],[-80.5437919,43.469665],[-80.543911,43.4698467],[-80.5437689,43.4698964]]]}},{"type":"Feature","id":43250621,"properties":{"osm_id":43250621,"name":"Modern Languages","code":"ML","alt_code":null,"height_m":10.5,"levels":3,"campus":true},"geometry":{"type":"Polygon","coordinates":[[[-80.5431824,43.4686856],[-80.5431939,43.468702],[-80.5432059,43.4686979],[-80.5432139,43.4687121],[-80.5432258,43.4687095],[-80.5432365,43.4687244],[-80.543247,43.4687217],[-80.5432566,43.4687365],[-80.5433026,43.4687226],[-80.5433106,43.4687373],[-80.5433381,43.4687304],[-80.5433913,43.4688264],[-80.5433416,43.4688426],[-80.5433489,43.4688581],[-80.543337,43.4688622],[-80.5433495,43.4688775],[-80.5433367,43.4688834],[-80.5433441,43.4688984],[-80.5433306,43.468902],[-80.5433379,43.4689139],[-80.5433262,43.468919],[-80.5433445,43.4689534],[-80.5432003,43.4690047],[-80.5431891,43.4689915],[-80.5431784,43.4689952],[-80.5431714,43.468981],[-80.5431607,43.4689864],[-80.5431496,43.4689677],[-80.5431336,43.4689729],[-80.5431257,43.4689584],[-80.5431161,43.468963],[-80.5431072,43.4689472],[-80.5430942,43.4689516],[-80.5430836,43.4689355],[-80.5430729,43.4689414],[-80.5430604,43.4689224],[-80.5429054,43.4689825],[-80.5428798,43.4689916],[-80.5428644,43.468997],[-80.5429166,43.469092],[-80.5429438,43.4691289],[-80.543,43.4692055],[-80.542794,43.4692839],[-80.5426419,43.4690735],[-80.5426129,43.4690438],[-80.5424494,43.4687906],[-80.5424679,43.4687798],[-80.5425518,43.4687526],[-80.542674,43.4687107],[-80.5428181,43.4689253],[-80.5430183,43.4688568],[-80.5430114,43.468846],[-80.5430241,43.4688416],[-80.5430135,43.4688262],[-80.5430231,43.4688233],[-80.5430114,43.4688072],[-80.5430236,43.4688039],[-80.543015,43.4687892],[-80.5430276,43.4687848],[-80.5430226,43.4687749],[-80.5430337,43.4687694],[-80.5430271,43.4687599],[-80.5430428,43.4687525],[-80.5430359,43.4687412],[-80.5431824,43.4686856]]]}},{"type":"Feature","id":43250623,"properties":{"osm_id":43250623,"name":"St. Jerome's University","code":null,"alt_code":null,"height_m":12,"levels":null,"campus":false},"geometry":{"type":"Polygon","coordinates":[[[-80.5450301,43.4688461],[-80.545045,43.4688472],[-80.5450493,43.4688169],[-80.545107,43.4688213],[-80.5451101,43.4687998],[-80.545196,43.4688063],[-80.5451951,43.4688119],[-80.5452487,43.468816],[-80.545237,43.4688973],[-80.5452986,43.468902],[-80.5452736,43.4690762],[-80.5452007,43.4690707],[-80.5451986,43.4690852],[-80.5450219,43.4690718],[-80.5450259,43.4690434],[-80.5449973,43.4690413],[-80.5450085,43.4689637],[-80.5450221,43.4689647],[-80.5450297,43.4689119],[-80.5450207,43.4689112],[-80.5450301,43.4688461]]]}},{"type":"Feature","id":43250624,"properties":{"osm_id":43250624,"name":"J. G. Hagey Hall of the Humanities","code":"HH","alt_code":null,"height_m":12,"levels":null,"campus":true},"geometry":{"type":"Polygon","coordinates":[[[-80.5417064,43.468168],[-80.5416567,43.4681869],[-80.5417148,43.4682758],[-80.5417349,43.4683069],[-80.5418603,43.4684919],[-80.5416541,43.4685656],[-80.5416592,43.4685706],[-80.5416371,43.4685789],[-80.54156,43.4686074],[-80.5415309,43.4685681],[-80.5414442,43.4686034],[-80.5414392,43.4685919],[-80.5413919,43.4686098],[-80.5413678,43.4685741],[-80.5413494,43.4685797],[-80.5413125,43.4685223],[-80.5412683,43.4685381],[-80.5412089,43.4684422],[-80.5411226,43.468314],[-80.5413784,43.468219],[-80.5414018,43.4682103],[-80.541426,43.468245],[-80.5414474,43.4682363],[-80.5413459,43.4680809],[-80.5413034,43.4680952],[-80.541263,43.4681088],[-80.5412159,43.4680384],[-80.5411422,43.4679281],[-80.5411911,43.4679052],[-80.5411175,43.4678901],[-80.5412218,43.4676742],[-80.5412679,43.467686],[-80.5412953,43.4676405],[-80.5414076,43.4676031],[-80.5415221,43.467566],[-80.5415727,43.4676403],[-80.5418827,43.4675288],[-80.5418904,43.4675418],[-80.5419263,43.4675297],[-80.5421121,43.4677985],[-80.5421316,43.4677921],[-80.5422781,43.4680051],[-80.5422199,43.4680275],[-80.5422451,43.4680628],[-80.5420591,43.4681283],[-80.5420545,43.4681193],[-80.542013,43.4681337],[-80.5419067,43.4681739],[-80.5419318,43.4682102],[-80.5418578,43.4682374],[-80.5418241,43.4681898],[-80.5417696,43.4682105],[-80.5417409,43.4682212],[-80.5417064,43.468168]]]}},{"type":"Feature","id":43250626,"properties":{"osm_id":43250626,"name":"Dana Porter Library","code":"LIB","alt_code":null,"height_m":7,"levels":2,"campus":true},"geometry":{"type":"Polygon","coordinates":[[[-80.5424005,43.4694249],[-80.5425447,43.4696377],[-80.5426746,43.4698282],[-80.5421302,43.4700237],[-80.5420198,43.4698618],[-80.5418551,43.4696201],[-80.5421083,43.4695292],[-80.5421511,43.4695139],[-80.5424005,43.4694249]]]}},{"type":"Feature","id":43250627,"properties":{"osm_id":43250627,"name":"Student Life Centre","code":"SLC","alt_code":null,"height_m":10.5,"levels":3,"campus":true},"geometry":{"type":"Polygon","coordinates":[[[-80.545063,43.4712244],[-80.5452938,43.4712746],[-80.5452845,43.4712959],[-80.5453164,43.4713021],[-80.5453377,43.4713077],[-80.5453434,43.4712922],[-80.545398,43.4713055],[-80.5454245,43.4713118],[-80.5454192,43.4713248],[-80.5455136,43.471346],[-80.5455197,43.4713306],[-80.5455998,43.4713497],[-80.5456021,43.4713439],[-80.5457211,43.471347],[-80.5456996,43.4713966],[-80.5456877,43.4714243],[-80.5456792,43.4714439],[-80.5457604,43.4714638],[-80.5457259,43.4715417],[-80.5457091,43.4715383],[-80.5457004,43.4715589],[-80.5457178,43.471563],[-80.5457016,43.4716022],[-80.5456672,43.4716867],[-80.5456555,43.4716845],[-80.5456466,43.4717047],[-80.545722,43.4717204],[-80.5456658,43.4718573],[-80.545547,43.47183],[-80.5455258,43.4718832],[-80.5454934,43.4718759],[-80.5454913,43.4718808],[-80.5454898,43.4718845],[-80.545487,43.4718899],[-80.5454828,43.4719001],[-80.5454788,43.471908],[-80.5454979,43.471913],[-80.5454653,43.4720373],[-80.545406,43.4720313],[-80.5453248,43.4721252],[-80.5453846,43.4722085],[-80.5454567,43.4722919],[-80.5454962,43.4723005],[-80.5455715,43.4723168],[-80.5456913,43.4723428],[-80.5456765,43.4723789],[-80.5456545,43.4724323],[-80.545646,43.4724529],[-80.5457517,43.4724759],[-80.5456091,43.4727931],[-80.5455546,43.472812],[-80.5454747,43.4727004],[-80.5454486,43.4727106],[-80.5451811,43.4723389],[-80.5450282,43.4721252],[-80.5443962,43.4723554],[-80.5443838,43.4723373],[-80.5444494,43.4723127],[-80.5444417,43.4723015],[-80.5444401,43.472299],[-80.5450027,43.472091],[-80.544986,43.4720671],[-80.5450049,43.4720591],[-80.5448062,43.4717789],[-80.5448501,43.471762],[-80.544888,43.4717488],[-80.5448481,43.4716949],[-80.5448722,43.4716855],[-80.5448778,43.4716694],[-80.5448934,43.4716724],[-80.5449343,43.4715669],[-80.5449831,43.4715766],[-80.544997,43.4715432],[-80.5449318,43.4715289],[-80.5449526,43.4714746],[-80.5449708,43.471478],[-80.5449785,43.4714585],[-80.5449604,43.4714551],[-80.5449815,43.4714008],[-80.5449924,43.471403],[-80.5449968,43.4713924],[-80.5449753,43.4713879],[-80.5449834,43.4713675],[-80.5449867,43.4713594],[-80.5450083,43.4713641],[-80.545027,43.4713166],[-80.545063,43.4712244]]]}},{"type":"Feature","id":43250628,"properties":{"osm_id":43250628,"name":"Biology 2","code":"B2","alt_code":null,"height_m":10.5,"levels":3,"campus":true},"geometry":{"type":"Polygon","coordinates":[[[-80.5440748,43.4705397],[-80.5439844,43.4705725],[-80.5439661,43.4705458],[-80.5438031,43.4706049],[-80.5438091,43.4706127],[-80.5437668,43.4706288],[-80.5437608,43.4706205],[-80.5436998,43.4706434],[-80.5437048,43.4706519],[-80.5436622,43.470667],[-80.5436565,43.4706592],[-80.5435955,43.4706816],[-80.5436002,43.4706899],[-80.543557,43.4707059],[-80.5435509,43.4706981],[-80.5434906,43.4707205],[-80.5434953,43.4707283],[-80.5434524,43.4707448],[-80.5434456,43.4707363],[-80.5431895,43.4708308],[-80.5432173,43.4708721],[-80.5432753,43.4708872],[-80.5432914,43.4708823],[-80.5433858,43.4710254],[-80.5434449,43.4710039],[-80.5434531,43.4710011],[-80.543469,43.4709954],[-80.5434889,43.4709886],[-80.543505,43.4710118],[-80.544194,43.4707616],[-80.5442174,43.4707531],[-80.5441598,43.4706695],[-80.5441464,43.47065],[-80.5441315,43.4706271],[-80.5441037,43.4705842],[-80.5440917,43.4705657],[-80.5440838,43.4705536],[-80.5440748,43.4705397]]]}},{"type":"Feature","id":43250629,"properties":{"osm_id":43250629,"name":"Earth Sciences & Chemistry","code":"ESC","alt_code":null,"height_m":10.5,"levels":3,"campus":true},"geometry":{"type":"Polygon","coordinates":[[[-80.5430393,43.4710521],[-80.5429183,43.471096],[-80.5428137,43.471134],[-80.5427827,43.4711453],[-80.543,43.4714604],[-80.5429854,43.4714657],[-80.5430067,43.4714966],[-80.5430183,43.4715135],[-80.5430331,43.4715081],[-80.5431591,43.4716908],[-80.5431017,43.4717116],[-80.5430306,43.4717374],[-80.5430577,43.4717769],[-80.5430875,43.4718203],[-80.5430561,43.4718315],[-80.5430489,43.4718341],[-80.5430191,43.4717914],[-80.5429914,43.4717516],[-80.5429185,43.4717781],[-80.5428511,43.4718026],[-80.5426565,43.4715202],[-80.5425221,43.4713251],[-80.5424309,43.4711928],[-80.5424228,43.4711811],[-80.5424001,43.4711484],[-80.5423356,43.4710547],[-80.5426436,43.4709429],[-80.5426859,43.4710043],[-80.5428154,43.4709573],[-80.5428999,43.4709266],[-80.5429422,43.4709112],[-80.5429875,43.4709769],[-80.5430393,43.4710521]]]}},{"type":"Feature","id":43250630,"properties":{"osm_id":43250630,"name":"Mathematics & Computer","code":"MC","alt_code":null,"height_m":24.5,"levels":7,"campus":true},"geometry":{"type":"Polygon","coordinates":[[[-80.5439316,43.4716172],[-80.5439744,43.4716791],[-80.544001,43.4717177],[-80.5440227,43.4717492],[-80.5440496,43.4717394],[-80.5440521,43.4717385],[-80.5440529,43.4717382],[-80.5440945,43.4717231],[-80.5441056,43.4717391],[-80.5441108,43.4717372],[-80.5440996,43.471721],[-80.5441591,43.4716993],[-80.5441653,43.4717083],[-80.5441816,43.471732],[-80.544155,43.4717417],[-80.5441571,43.4717447],[-80.5441646,43.471742],[-80.5442025,43.4717969],[-80.5441661,43.4718102],[-80.5441631,43.4718059],[-80.5441586,43.4718076],[-80.5441612,43.4718114],[-80.544146,43.4718169],[-80.5443874,43.4721665],[-80.5443972,43.472163],[-80.5444194,43.4721952],[-80.5443949,43.4722041],[-80.5443973,43.4722076],[-80.54441,43.472203],[-80.5444407,43.4722476],[-80.5444117,43.4722581],[-80.5444301,43.4722848],[-80.5444401,43.472299],[-80.5444417,43.4723015],[-80.5444494,43.4723127],[-80.5443838,43.4723373],[-80.5438463,43.472532],[-80.5438101,43.4724796],[-80.5437823,43.4724897],[-80.54377,43.4724719],[-80.5437584,43.4724761],[-80.5437447,43.4724811],[-80.5437576,43.4724998],[-80.5436942,43.4725228],[-80.5436715,43.4724901],[-80.5436999,43.4724798],[-80.5436973,43.4724759],[-80.5436812,43.4724818],[-80.543644,43.4724279],[-80.5436804,43.4724147],[-80.5436839,43.4724197],[-80.5436887,43.4724179],[-80.5436854,43.4724131],[-80.5437127,43.4724032],[-80.5434694,43.4720508],[-80.5434622,43.4720404],[-80.5434536,43.4720435],[-80.5434313,43.4720112],[-80.5434586,43.4720013],[-80.5434557,43.4719972],[-80.5434417,43.4720023],[-80.5434112,43.4719582],[-80.543423,43.4719539],[-80.5434645,43.4719388],[-80.5434417,43.4719058],[-80.5433807,43.4718175],[-80.5434202,43.4718032],[-80.5434087,43.4717865],[-80.5436125,43.4717123],[-80.5438796,43.4716152],[-80.5438911,43.4716319],[-80.5439316,43.4716172]]]}},{"type":"Feature","id":43250631,"properties":{"osm_id":43250631,"name":"Physics","code":"PHY","alt_code":null,"height_m":10.5,"levels":3,"campus":true},"geometry":{"type":"Polygon","coordinates":[[[-80.5420235,43.4712646],[-80.5419184,43.4713028],[-80.5418332,43.4713338],[-80.5417841,43.4713516],[-80.5417281,43.4713719],[-80.5416359,43.4714054],[-80.5415075,43.4712191],[-80.5415949,43.4711873],[-80.5415143,43.4710705],[-80.5415815,43.4710461],[-80.5414634,43.4708747],[-80.5413878,43.4709022],[-80.541406,43.4709286],[-80.5413336,43.4709549],[-80.5412781,43.4708744],[-80.5414258,43.4708207],[-80.5413869,43.4707644],[-80.5413451,43.4707796],[-80.541234,43.4708199],[-80.5410907,43.4706119],[-80.5410809,43.4705979],[-80.5410761,43.4705911],[-80.541055,43.4705603],[-80.5410259,43.4705181],[-80.541114,43.4704861],[-80.5411868,43.4704597],[-80.541148,43.4704035],[-80.5413864,43.4703169],[-80.5415476,43.4705507],[-80.5415892,43.4705356],[-80.5415781,43.4705195],[-80.5416057,43.4705094],[-80.5420574,43.4703454],[-80.5420692,43.4703626],[-80.5421338,43.4704561],[-80.5418853,43.4705464],[-80.5419095,43.4705815],[-80.5419375,43.4705713],[-80.5420196,43.4706903],[-80.5418582,43.470749],[-80.5417775,43.4706319],[-80.5418028,43.4706227],[-80.5417764,43.4705843],[-80.5416403,43.4706338],[-80.5416315,43.4706211],[-80.5415902,43.4706361],[-80.5420235,43.4712646]]]}},{"type":"Feature","id":43250632,"properties":{"osm_id":43250632,"name":"Biology 1","code":"B1","alt_code":null,"height_m":10.5,"levels":3,"campus":true},"geometry":{"type":"Polygon","coordinates":[[[-80.5429422,43.4709112],[-80.5427323,43.4706025],[-80.5427945,43.4705791],[-80.5427766,43.4705543],[-80.5427617,43.4705328],[-80.5427396,43.4705026],[-80.5426886,43.4705044],[-80.5426842,43.4704989],[-80.5426425,43.4704985],[-80.5425756,43.470402],[-80.5426034,43.4703769],[-80.5426498,43.4703753],[-80.5426775,43.4703497],[-80.5427225,43.4703487],[-80.5427503,43.4703234],[-80.5427957,43.4703213],[-80.5428271,43.4702962],[-80.5428699,43.4702952],[-80.5429374,43.4703906],[-80.542931,43.4703981],[-80.5429095,43.47042],[-80.5428884,43.4704497],[-80.5429173,43.4704395],[-80.5429201,43.4704437],[-80.5429705,43.4705158],[-80.5431895,43.4708308],[-80.5432173,43.4708721],[-80.5432753,43.4708872],[-80.5432914,43.4708823],[-80.5433858,43.4710254],[-80.5434304,43.4710908],[-80.5431373,43.4711964],[-80.5431005,43.4711426],[-80.5430661,43.4710924],[-80.5430393,43.4710521],[-80.5429875,43.4709769],[-80.5429422,43.4709112]]]}},{"type":"Feature","id":43250634,"properties":{"osm_id":43250634,"name":"Chemistry 2","code":"C2","alt_code":null,"height_m":14,"levels":4,"campus":true},"geometry":{"type":"Polygon","coordinates":[[[-80.5432155,43.4717745],[-80.5432659,43.4718487],[-80.5432483,43.471855],[-80.5433183,43.4719582],[-80.5432663,43.4719768],[-80.5432467,43.4719838],[-80.5433272,43.4721026],[-80.5433441,43.4721276],[-80.5433027,43.4721424],[-80.5429305,43.4722753],[-80.5428882,43.4722904],[-80.5428589,43.4723008],[-80.5428495,43.4723042],[-80.5427624,43.4723353],[-80.5427457,43.4723107],[-80.5427378,43.4722989],[-80.5427289,43.4722859],[-80.5426763,43.4723047],[-80.5425334,43.4720939],[-80.5425149,43.4720666],[-80.5427511,43.4719822],[-80.5428094,43.4719614],[-80.5427937,43.4719382],[-80.542837,43.4719227],[-80.5428495,43.4719412],[-80.5429572,43.4719027],[-80.5429376,43.4718738],[-80.5429776,43.4718595],[-80.5430489,43.4718341],[-80.5430561,43.4718315],[-80.5430875,43.4718203],[-80.5431531,43.4717968],[-80.54317,43.4717908],[-80.5432155,43.4717745]]]}},{"type":"Feature","id":43250635,"properties":{"osm_id":43250635,"name":"Carl A. Pollock Hall","code":"CPH","alt_code":null,"height_m":14,"levels":4,"campus":true},"geometry":{"type":"Polygon","coordinates":[[[-80.539394,43.4706735],[-80.539335,43.4706949],[-80.5393511,43.4707183],[-80.5393269,43.470728],[-80.5393376,43.4707436],[-80.5393096,43.4707533],[-80.5393247,43.4707754],[-80.5393376,43.4707944],[-80.5393483,43.4708107],[-80.5395764,43.4707319],[-80.5396059,43.4707689],[-80.5396261,43.4707612],[-80.5396507,43.4707946],[-80.5396908,43.4708489],[-80.5396637,43.470859],[-80.5396917,43.4708974],[-80.5395603,43.470946],[-80.5395871,43.470985],[-80.539563,43.4709928],[-80.5396005,43.4710511],[-80.539653,43.4710364],[-80.5397344,43.4711542],[-80.539724,43.4711577],[-80.5397336,43.4711727],[-80.5396959,43.4711862],[-80.5398238,43.4713993],[-80.5396583,43.4714604],[-80.5396527,43.4714536],[-80.5396245,43.4714174],[-80.539505,43.4714573],[-80.5394798,43.4714236],[-80.5392679,43.471141],[-80.539258,43.4711279],[-80.539226,43.4710851],[-80.5391726,43.4711044],[-80.539115,43.4711254],[-80.5391011,43.4711305],[-80.5390772,43.4711392],[-80.5390547,43.4710995],[-80.5390758,43.4710931],[-80.5390107,43.4709957],[-80.5388861,43.4708092],[-80.5388302,43.4708293],[-80.5388138,43.4708276],[-80.5388061,43.4708166],[-80.538811,43.4708054],[-80.5388395,43.4707948],[-80.5388705,43.4707843],[-80.5388192,43.4707112],[-80.5389211,43.4706762],[-80.5388409,43.4705597],[-80.5388022,43.4705681],[-80.5387815,43.4705683],[-80.5387582,43.4705635],[-80.5387418,43.4705509],[-80.538735,43.4705425],[-80.5387422,43.4705402],[-80.5387657,43.4705327],[-80.53879,43.4705235],[-80.5388446,43.4705027],[-80.538881,43.4704888],[-80.5388933,43.4705067],[-80.5389062,43.470502],[-80.538967,43.4704799],[-80.5390806,43.4704386],[-80.5392049,43.4706226],[-80.5392063,43.4706247],[-80.5392603,43.4706069],[-80.5392693,43.4706224],[-80.5393189,43.4706054],[-80.5393323,43.4706268],[-80.5393645,43.4706171],[-80.5393967,43.4706579],[-80.5393861,43.470662],[-80.539394,43.4706735]]]}},{"type":"Feature","id":43250637,"properties":{"osm_id":43250637,"name":"South Campus Hall","code":"SCH","alt_code":null,"height_m":12,"levels":null,"campus":true},"geometry":{"type":"Polygon","coordinates":[[[-80.540306,43.4689496],[-80.5403138,43.4689611],[-80.5403846,43.4690665],[-80.5404215,43.4690535],[-80.5405296,43.4690152],[-80.5405341,43.4690219],[-80.5405395,43.4690301],[-80.5405626,43.4690219],[-80.5406249,43.4691147],[-80.5406022,43.4691228],[-80.5406155,43.4691426],[-80.5405595,43.4691624],[-80.5406197,43.4692519],[-80.5406677,43.4692349],[-80.5406827,43.4692572],[-80.5407079,43.4692483],[-80.5407712,43.4693424],[-80.5407516,43.4693493],[-80.5407653,43.4693698],[-80.5407104,43.4693893],[-80.5406967,43.469369],[-80.540672,43.4693777],[-80.5406843,43.4693961],[-80.5406322,43.4694145],[-80.5406197,43.469396],[-80.5405957,43.4694044],[-80.5406094,43.4694248],[-80.5405556,43.4694438],[-80.5405441,43.4694267],[-80.5405216,43.4694347],[-80.5405345,43.469454],[-80.5404759,43.4694747],[-80.5404652,43.4694589],[-80.5404444,43.4694663],[-80.5403791,43.4693692],[-80.5403552,43.4693777],[-80.5403247,43.4693885],[-80.5403156,43.4693749],[-80.5402867,43.4693851],[-80.540298,43.4694019],[-80.5402605,43.4694152],[-80.5402443,43.469421],[-80.5402297,43.4693992],[-80.540207,43.4694072],[-80.5401816,43.4693693],[-80.5402091,43.4693596],[-80.5401986,43.4693439],[-80.5401633,43.4693564],[-80.540169,43.4693648],[-80.5401309,43.4693783],[-80.5401221,43.4693653],[-80.5400792,43.4693805],[-80.5400881,43.4693936],[-80.5400506,43.4694069],[-80.5400439,43.4693969],[-80.5400094,43.4694091],[-80.5400172,43.4694208],[-80.5399705,43.4694373],[-80.5399653,43.4694297],[-80.5399501,43.4694351],[-80.5399201,43.4693904],[-80.5399364,43.4693846],[-80.5399273,43.469371],[-80.5399134,43.4693759],[-80.5398847,43.4693331],[-80.5398976,43.4693285],[-80.5398871,43.4693128],[-80.5398749,43.4693171],[-80.5398475,43.4692762],[-80.539861,43.4692715],[-80.5398499,43.4692551],[-80.5398384,43.4692592],[-80.5398129,43.4692214],[-80.539827,43.4692164],[-80.5398207,43.469207],[-80.5398689,43.4691899],[-80.5398764,43.4692011],[-80.5399031,43.4691916],[-80.5398943,43.4691786],[-80.5399483,43.4691594],[-80.5399578,43.4691735],[-80.5399815,43.4691651],[-80.5399705,43.4691487],[-80.5400135,43.4691335],[-80.5400199,43.469143],[-80.5400526,43.4691314],[-80.5400502,43.4691277],[-80.5401093,43.4691068],[-80.5401151,43.4691154],[-80.5401393,43.4691068],[-80.5401617,43.4691402],[-80.5401854,43.4691318],[-80.5402149,43.4691214],[-80.5401655,43.4690479],[-80.5401867,43.4690404],[-80.5401598,43.4690004],[-80.5402133,43.4689815],[-80.5402241,43.4689976],[-80.5402473,43.4689894],[-80.540237,43.468974],[-80.540306,43.4689496]]]}},{"type":"Feature","id":43250638,"properties":{"osm_id":43250638,"name":"School of Optometry & Vision Science","code":"OPT","alt_code":null,"height_m":12,"levels":null,"campus":true},"geometry":{"type":"Polygon","coordinates":[[[-80.5456558,43.4756057],[-80.5459379,43.4759971],[-80.5458914,43.4760129],[-80.54593,43.4760727],[-80.5459766,43.4760569],[-80.5460369,43.4761503],[-80.5460685,43.4761396],[-80.5461117,43.4762067],[-80.5455902,43.4763867],[-80.5454606,43.4761854],[-80.5453191,43.4762334],[-80.5452666,43.4761517],[-80.5453311,43.4761299],[-80.5451105,43.4757833],[-80.5451753,43.4757599],[-80.5453015,43.4757166],[-80.5452807,43.4756845],[-80.545265,43.4756606],[-80.5452448,43.4756665],[-80.5451333,43.4755058],[-80.5459243,43.4752161],[-80.5460375,43.4753902],[-80.5460609,43.4753838],[-80.5460824,43.4753768],[-80.5461172,43.4754327],[-80.5456558,43.4756057]]]}},{"type":"Feature","id":43250639,"properties":{"osm_id":43250639,"name":"Columbia Icefield","code":"CIF","alt_code":null,"height_m":12,"levels":null,"campus":true},"geometry":{"type":"Polygon","coordinates":[[[-80.5489139,43.4753457],[-80.5489221,43.4753578],[-80.5489901,43.4753762],[-80.5490876,43.4753415],[-80.549103,43.4753643],[-80.5492095,43.4753264],[-80.5493324,43.4753492],[-80.5492998,43.475412],[-80.549414,43.475581],[-80.5493764,43.475665],[-80.5487698,43.4758809],[-80.5485106,43.4758152],[-80.5484961,43.4757938],[-80.5484613,43.4758062],[-80.5483564,43.4756509],[-80.5483759,43.475644],[-80.5483602,43.4756207],[-80.5482933,43.4755216],[-80.548279,43.4755047],[-80.5482541,43.4754943],[-80.5482276,43.4754919],[-80.548199,43.475499],[-80.5481624,43.475512],[-80.548143,43.4754833],[-80.5478776,43.4755777],[-80.547868,43.4755634],[-80.5478584,43.4755492],[-80.5477862,43.4755749],[-80.5476939,43.4756077],[-80.5475271,43.475361],[-80.547667,43.4753112],[-80.5476406,43.475272],[-80.5477472,43.475234],[-80.5477718,43.4752704],[-80.5479592,43.4752037],[-80.5478853,43.4750944],[-80.5480199,43.4750465],[-80.5480145,43.4750386],[-80.5480302,43.475033],[-80.5480483,43.4750266],[-80.5481012,43.4750077],[-80.5481366,43.4750633],[-80.5484385,43.474957],[-80.5485057,43.4750574],[-80.5485242,43.4750509],[-80.5486067,43.475173],[-80.5485873,43.4751799],[-80.5486263,43.4752373],[-80.5486779,43.4752188],[-80.5486879,43.4752335],[-80.5486973,43.4752475],[-80.5490635,43.4751172],[-80.549172,43.4750786],[-80.5491841,43.4750965],[-80.5492026,43.4751239],[-80.5491481,43.4751433],[-80.5492166,43.4752447],[-80.5491417,43.4752713],[-80.549138,43.475266],[-80.5489139,43.4753457]]]}},{"type":"Feature","id":43250640,"properties":{"osm_id":43250640,"name":"Federation Hall","code":"FED","alt_code":null,"height_m":7,"levels":2,"campus":true},"geometry":{"type":"Polygon","coordinates":[[[-80.5484119,43.4729888],[-80.5484395,43.4729943],[-80.5484639,43.4730052],[-80.5484798,43.4729903],[-80.5484899,43.4729812],[-80.5485225,43.472941],[-80.5485361,43.4729457],[-80.5485608,43.4729269],[-80.548655,43.4729838],[-80.5489165,43.4731495],[-80.5490104,43.4732167],[-80.5487804,43.4734091],[-80.5486788,43.4734942],[-80.5485925,43.4734376],[-80.5486116,43.4734228],[-80.5485034,43.473347],[-80.5484732,43.4733341],[-80.5482877,43.4732548],[-80.5482757,43.4732496],[-80.5482461,43.4732887],[-80.5481823,43.4732632],[-80.5481691,43.4732579],[-80.5481837,43.4732386],[-80.5482142,43.4731984],[-80.5482343,43.4732064],[-80.5482934,43.4731347],[-80.5483255,43.4731122],[-80.5483074,43.4730928],[-80.5482986,43.4730703],[-80.5483,43.4730468],[-80.5483116,43.4730249],[-80.548332,43.4730068],[-80.5483559,43.4729953],[-80.5483833,43.4729892],[-80.5484119,43.4729888]]]}},{"type":"Feature","id":43250641,"properties":{"osm_id":43250641,"name":"Central Services Building","code":"CSB","alt_code":null,"height_m":12,"levels":null,"campus":true},"geometry":{"type":"Polygon","coordinates":[[[-80.5440309,43.4737767],[-80.5437158,43.4738832],[-80.5437012,43.4738881],[-80.5437362,43.4739426],[-80.5435367,43.47401],[-80.5434098,43.4738123],[-80.5435973,43.4737489],[-80.543649,43.4737315],[-80.5435724,43.4736123],[-80.5436735,43.4735755],[-80.5436833,43.4735768],[-80.5438617,43.4735165],[-80.5438635,43.4735159],[-80.5440309,43.4737767]]]}},{"type":"Feature","id":43250642,"properties":{"osm_id":43250642,"name":"Commisary","code":"COM","alt_code":null,"height_m":3.5,"levels":1,"campus":true},"geometry":{"type":"Polygon","coordinates":[[[-80.5431634,43.4739122],[-80.5433404,43.4741725],[-80.5431865,43.4742276],[-80.54314,43.4741592],[-80.5429897,43.4742131],[-80.5430362,43.4742814],[-80.542715,43.4743964],[-80.5427019,43.4743771],[-80.5426231,43.4742613],[-80.5425112,43.4740967],[-80.542799,43.4739936],[-80.5428259,43.4740331],[-80.5431634,43.4739122]]]}},{"type":"Feature","id":43250643,"properties":{"osm_id":43250643,"name":"B.C. Matthews Hall","code":"BMH","alt_code":null,"height_m":12,"levels":null,"campus":true},"geometry":{"type":"Polygon","coordinates":[[[-80.5457082,43.4731048],[-80.5457501,43.4730885],[-80.5457554,43.4730956],[-80.5457627,43.4731056],[-80.5457205,43.4731219],[-80.5457963,43.4732243],[-80.5458753,43.4733308],[-80.5458456,43.4733412],[-80.5458704,43.4733768],[-80.5458449,43.4733877],[-80.5458372,43.473412],[-80.545811,43.4734252],[-80.5457936,43.4734641],[-80.5458316,43.473472],[-80.5457259,43.4736814],[-80.5455801,43.4736447],[-80.5455127,43.47383],[-80.5455426,43.4738368],[-80.5455876,43.4738438],[-80.545668,43.473807],[-80.5456814,43.4738269],[-80.5458874,43.4737466],[-80.5458822,43.4737389],[-80.5459554,43.4737106],[-80.5459596,43.4737162],[-80.5460136,43.4736955],[-80.5460095,43.4736898],[-80.5460693,43.4736713],[-80.5460806,43.4737024],[-80.5460945,43.4736983],[-80.5461098,43.4737256],[-80.5460982,43.473732],[-80.5461345,43.473818],[-80.5460883,43.4738362],[-80.5460784,43.4738217],[-80.5457719,43.4739456],[-80.5457895,43.4739715],[-80.5457021,43.4740046],[-80.5457099,43.4740163],[-80.5456729,43.4740299],[-80.5456518,43.4740003],[-80.545613,43.4739472],[-80.5455949,43.4739547],[-80.545565,43.4739136],[-80.5455822,43.4739077],[-80.5455662,43.4738841],[-80.5455235,43.473876],[-80.5454973,43.4738694],[-80.5454828,43.473897],[-80.5454363,43.4738846],[-80.5453837,43.4740355],[-80.5450802,43.4739787],[-80.5450901,43.4739413],[-80.5450238,43.473966],[-80.5449263,43.4738244],[-80.5449766,43.4737982],[-80.5449418,43.4737917],[-80.5450211,43.4735753],[-80.5452317,43.4736225],[-80.5452437,43.4735882],[-80.5452625,43.4735918],[-80.5452806,43.4735821],[-80.545361,43.4735536],[-80.5453141,43.4734854],[-80.5453045,43.4734715],[-80.5452791,43.473481],[-80.545255,43.4734453],[-80.5454722,43.4733593],[-80.5454332,43.4733091],[-80.545539,43.4732659],[-80.5454882,43.4731932],[-80.5457082,43.4731048]]]}},{"type":"Feature","id":43250646,"properties":{"osm_id":43250646,"name":"East Campus Hall","code":"ECH","alt_code":null,"height_m":7,"levels":2,"campus":true},"geometry":{"type":"Polygon","coordinates":[[[-80.5391541,43.4732055],[-80.5392545,43.4733401],[-80.5393425,43.4734581],[-80.5393798,43.473508],[-80.539115,43.473612],[-80.5392024,43.4737291],[-80.5391408,43.4737533],[-80.539191,43.4738205],[-80.5387129,43.4740084],[-80.5387625,43.4740749],[-80.5383013,43.474256],[-80.5381751,43.4740868],[-80.5380704,43.4739464],[-80.5382731,43.4738668],[-80.5380912,43.473623],[-80.5382833,43.4735475],[-80.5391541,43.4732055]]]}},{"type":"Feature","id":43250648,"properties":{"osm_id":43250648,"name":"A3","code":null,"alt_code":null,"height_m":14,"levels":4,"campus":false},"geometry":{"type":"Polygon","coordinates":[[[-80.5381687,43.4750214],[-80.5382344,43.4751205],[-80.5382516,43.4751145],[-80.5382974,43.4751835],[-80.5381376,43.4752387],[-80.5380852,43.4752576],[-80.5380348,43.4751817],[-80.5380174,43.4751555],[-80.5380048,43.4751599],[-80.5379611,43.4750939],[-80.5381687,43.4750214]]]}},{"type":"Feature","id":43250649,"properties":{"osm_id":43250649,"name":"A1","code":null,"alt_code":null,"height_m":14,"levels":4,"campus":false},"geometry":{"type":"Polygon","coordinates":[[[-80.5375847,43.4747955],[-80.5376633,43.4749099],[-80.5376875,43.4749452],[-80.5375821,43.4749833],[-80.5375519,43.4749943],[-80.5375604,43.4750066],[-80.537466,43.4750408],[-80.5373609,43.4748879],[-80.5375006,43.4748373],[-80.5374944,43.4748282],[-80.5375847,43.4747955]]]}},{"type":"Feature","id":43325855,"properties":{"osm_id":43325855,"name":"WIW","code":null,"alt_code":null,"height_m":12,"levels":null,"campus":false},"geometry":{"type":"Polygon","coordinates":[[[-80.5407514,43.4768839],[-80.540894,43.4770972],[-80.5409636,43.4770728],[-80.5412615,43.4775376],[-80.5407508,43.4777039],[-80.540322,43.4770278],[-80.5407514,43.4768839]]]}},{"type":"Feature","id":43325856,"properties":{"osm_id":43325856,"name":"East Campus 1","code":"EC1","alt_code":null,"height_m":7,"levels":2,"campus":true},"geometry":{"type":"Polygon","coordinates":[[[-80.5399695,43.475836],[-80.5400633,43.475969],[-80.5402928,43.4760257],[-80.540263,43.4761198],[-80.5403184,43.4761331],[-80.5403894,43.4761501],[-80.5404193,43.476056],[-80.5406281,43.4761002],[-80.5408224,43.4760338],[-80.5409804,43.4762767],[-80.5405772,43.4764161],[-80.540289,43.4763495],[-80.5403505,43.4762337],[-80.5402794,43.4762166],[-80.540224,43.4762033],[-80.5401742,43.4763211],[-80.539868,43.4762335],[-80.5396648,43.4759379],[-80.5399695,43.475836]]]}},{"type":"Feature","id":43325857,"properties":{"osm_id":43325857,"name":"East Campus 3","code":"EC3","alt_code":null,"height_m":7,"levels":2,"campus":true},"geometry":{"type":"Polygon","coordinates":[[[-80.5420574,43.4753548],[-80.5421794,43.4755395],[-80.5423552,43.4754782],[-80.5425092,43.4757114],[-80.5421712,43.4758289],[-80.5420907,43.4758147],[-80.5420167,43.4758008],[-80.5417836,43.47545],[-80.5420574,43.4753548]]]}},{"type":"Feature","id":43325858,"properties":{"osm_id":43325858,"name":"East Campus 2","code":"EC2","alt_code":null,"height_m":14,"levels":4,"campus":true},"geometry":{"type":"Polygon","coordinates":[[[-80.5414709,43.4743094],[-80.5417029,43.4746528],[-80.5413757,43.4747735],[-80.5413614,43.4747463],[-80.5413305,43.4747545],[-80.5412907,43.4747552],[-80.541256,43.4747481],[-80.5412214,43.4747397],[-80.5411955,43.4747229],[-80.5411769,43.4747021],[-80.5411481,43.4747116],[-80.5409963,43.4744777],[-80.5414709,43.4743094]]]}},{"type":"Feature","id":43325860,"properties":{"osm_id":43325860,"name":"Lakes Software","code":null,"alt_code":null,"height_m":12,"levels":null,"campus":false},"geometry":{"type":"Polygon","coordinates":[[[-80.5422583,43.4766781],[-80.5423607,43.4768863],[-80.5422942,43.4769036],[-80.542522,43.4773671],[-80.5425876,43.4773501],[-80.5426483,43.4774736],[-80.5422601,43.4775741],[-80.5419681,43.4769801],[-80.5418731,43.4770046],[-80.5417742,43.4768034],[-80.5422583,43.4766781]]]}},{"type":"Feature","id":43325861,"properties":{"osm_id":43325861,"name":null,"code":null,"alt_code":null,"height_m":12,"levels":null,"campus":false},"geometry":{"type":"Polygon","coordinates":[[[-80.5414851,43.4766826],[-80.5416532,43.4769375],[-80.5416097,43.4769526],[-80.5417386,43.4771481],[-80.5415259,43.4772219],[-80.5412289,43.4767715],[-80.5414851,43.4766826]]]}},{"type":"Feature","id":43325864,"properties":{"osm_id":43325864,"name":"East Campus 4","code":"EC4","alt_code":null,"height_m":7,"levels":2,"campus":true},"geometry":{"type":"Polygon","coordinates":[[[-80.5401331,43.4745745],[-80.5399635,43.4746349],[-80.5399498,43.4746147],[-80.5394383,43.4747967],[-80.5394544,43.4748206],[-80.5392842,43.4748812],[-80.5394522,43.4751297],[-80.5396294,43.4750666],[-80.5396101,43.475038],[-80.5397589,43.474985],[-80.5397768,43.4750114],[-80.539809,43.4749999],[-80.5398221,43.4749629],[-80.5398021,43.4749285],[-80.5398709,43.4749041],[-80.5398957,43.4749392],[-80.5399407,43.4749523],[-80.5399738,43.4749405],[-80.539953,43.4749097],[-80.5401006,43.4748572],[-80.5401214,43.4748879],[-80.5403016,43.4748238],[-80.5401331,43.4745745]]]}},{"type":"Feature","id":45845764,"properties":{"osm_id":45845764,"name":"Eby Hall","code":null,"alt_code":null,"height_m":45.5,"levels":13,"campus":false},"geometry":{"type":"Polygon","coordinates":[[[-80.5355321,43.4707323],[-80.5357355,43.470612],[-80.5357171,43.4705956],[-80.5357349,43.4705851],[-80.535705,43.4705584],[-80.535729,43.4705442],[-80.5356095,43.4704378],[-80.5355936,43.4704472],[-80.5355668,43.4704234],[-80.5355483,43.4704344],[-80.5355275,43.4704159],[-80.5353333,43.4705307],[-80.5353534,43.4705486],[-80.5353293,43.4705602],[-80.5353607,43.4705891],[-80.5353369,43.4706027],[-80.5354095,43.4706698],[-80.5354569,43.4707109],[-80.5354745,43.4707005],[-80.53551,43.4707321],[-80.5355231,43.4707243],[-80.5355321,43.4707323]]]}},{"type":"Feature","id":48359806,"properties":{"osm_id":48359806,"name":"Environment 2","code":"EV2","alt_code":null,"height_m":6,"levels":2,"campus":true},"geometry":{"type":"Polygon","coordinates":[[[-80.5428449,43.4680312],[-80.542833,43.4680139],[-80.5428659,43.4680019],[-80.5429124,43.4679851],[-80.5428324,43.4678688],[-80.5429244,43.4678354],[-80.543268,43.4677109],[-80.5434014,43.4676625],[-80.5435142,43.4678265],[-80.5435641,43.4678989],[-80.5434877,43.4679266],[-80.543574,43.4680519],[-80.5435228,43.4680705],[-80.5431733,43.4681971],[-80.5430878,43.4680728],[-80.5429796,43.468112],[-80.5429691,43.4680968],[-80.5429472,43.4681048],[-80.5429059,43.4681198],[-80.5428806,43.4680831],[-80.5428449,43.4680312]]]}},{"type":"Feature","id":48359807,"properties":{"osm_id":48359807,"name":"Environment 1","code":"EV1","alt_code":null,"height_m":9,"levels":3,"campus":true},"geometry":{"type":"Polygon","coordinates":[[[-80.5429059,43.4681198],[-80.5429425,43.4681731],[-80.543015,43.4682784],[-80.5425937,43.4684311],[-80.5425614,43.4684428],[-80.542305,43.4685357],[-80.5422151,43.4685683],[-80.5420469,43.4683239],[-80.5421084,43.4683017],[-80.5421011,43.468291],[-80.5420939,43.4682936],[-80.5420811,43.4682751],[-80.542074,43.4682777],[-80.5420653,43.4682808],[-80.5420533,43.4682635],[-80.5420908,43.4682499],[-80.5421285,43.4682363],[-80.5421409,43.4682543],[-80.5421193,43.4682622],[-80.5421324,43.4682812],[-80.5421242,43.4682842],[-80.5421287,43.4682908],[-80.5421353,43.4682884],[-80.5423899,43.4681962],[-80.5428449,43.4680312],[-80.5428806,43.4680831],[-80.5429059,43.4681198]]]}},{"type":"Feature","id":51125806,"properties":{"osm_id":51125806,"name":"Engineering 5","code":"E5","alt_code":null,"height_m":21,"levels":6,"campus":true},"geometry":{"type":"Polygon","coordinates":[[[-80.5398859,43.4724149],[-80.5398626,43.4724233],[-80.5398412,43.4724317],[-80.5396754,43.4724951],[-80.5395943,43.4725262],[-80.5396529,43.4726066],[-80.5400361,43.4731329],[-80.5401111,43.4732358],[-80.5401967,43.4733533],[-80.5403645,43.4732889],[-80.5402779,43.47317],[-80.5403564,43.4731399],[-80.5404233,43.4731142],[-80.5401435,43.4727301],[-80.5398859,43.4724149]]]}},{"type":"Feature","id":59036407,"properties":{"osm_id":59036407,"name":"East Campus 5","code":"EC5","alt_code":null,"height_m":14,"levels":4,"campus":true},"geometry":{"type":"Polygon","coordinates":[[[-80.5410779,43.4756339],[-80.5409479,43.4754459],[-80.5409063,43.4753852],[-80.540858,43.4753438],[-80.5407938,43.4753055],[-80.5407158,43.4752838],[-80.5406487,43.4752723],[-80.540561,43.4752723],[-80.5404662,43.4752942],[-80.5401346,43.475412],[-80.5402872,43.4756424],[-80.5405053,43.4755602],[-80.5405779,43.4755788],[-80.5406638,43.4756009],[-80.5407616,43.4757477],[-80.5410779,43.4756339]]]}},{"type":"Feature","id":102691857,"properties":{"osm_id":102691857,"name":"United College Apartments","code":null,"alt_code":null,"height_m":21,"levels":6,"campus":false},"geometry":{"type":"Polygon","coordinates":[[[-80.5464133,43.4682129],[-80.5464035,43.4680624],[-80.5460399,43.4680748],[-80.5459505,43.4680779],[-80.5456671,43.4680876],[-80.5455477,43.4680917],[-80.5455575,43.4682422],[-80.5456773,43.4682381],[-80.5464133,43.4682129]]]}},{"type":"Feature","id":102752691,"properties":{"osm_id":102752691,"name":"WCRI Hammar","code":null,"alt_code":null,"height_m":14,"levels":4,"campus":false},"geometry":{"type":"Polygon","coordinates":[[[-80.5352841,43.4721166],[-80.5352277,43.4720347],[-80.535264,43.4720216],[-80.535212,43.471946],[-80.5351941,43.4719525],[-80.5351708,43.4719188],[-80.5351555,43.4719243],[-80.5351395,43.4719011],[-80.535122,43.4719074],[-80.5350873,43.4718569],[-80.5350331,43.4718766],[-80.5350258,43.4718659],[-80.534987,43.4718799],[-80.5350449,43.471964],[-80.5350026,43.4719794],[-80.5351569,43.4722034],[-80.5353065,43.4721492],[-80.5352841,43.4721166]]]}},{"type":"Feature","id":130345096,"properties":{"osm_id":130345096,"name":"Conrad Grebel University College","code":null,"alt_code":null,"height_m":12,"levels":null,"campus":false},"geometry":{"type":"Polygon","coordinates":[[[-80.5456027,43.467048],[-80.5455663,43.4669961],[-80.5455237,43.4670118],[-80.5455016,43.4669802],[-80.5454504,43.4669991],[-80.5454245,43.4669622],[-80.5452404,43.4670302],[-80.5452637,43.4670633],[-80.5452087,43.4670837],[-80.5452382,43.4671258],[-80.5451911,43.4671432],[-80.5452228,43.4671884],[-80.5456027,43.467048]]]}},{"type":"Feature","id":130348900,"properties":{"osm_id":130348900,"name":"Tatham Centre for Co-operative Education and Career Action","code":"TC","alt_code":null,"height_m":12,"levels":null,"campus":true},"geometry":{"type":"Polygon","coordinates":[[[-80.5415775,43.4693018],[-80.5414301,43.4693589],[-80.5411348,43.4689384],[-80.5411175,43.4689143],[-80.5410942,43.4689218],[-80.541077,43.4688983],[-80.5410375,43.4688408],[-80.5410627,43.4688332],[-80.5410446,43.4688137],[-80.5409247,43.468632],[-80.5410902,43.4685749],[-80.5411301,43.4686272],[-80.5412334,43.4687843],[-80.5414161,43.4690426],[-80.541477,43.4691355],[-80.5414653,43.4691394],[-80.5415361,43.4692424],[-80.5415775,43.4693018]]]}},{"type":"Feature","id":133938873,"properties":{"osm_id":133938873,"name":"FleetComplete","code":null,"alt_code":null,"height_m":14,"levels":4,"campus":false},"geometry":{"type":"Polygon","coordinates":[[[-80.5431589,43.4766728],[-80.543008,43.4767082],[-80.5430435,43.4767823],[-80.5426441,43.4768789],[-80.5425731,43.4767276],[-80.5425775,43.4766986],[-80.5426663,43.4766792],[-80.5425953,43.4765343],[-80.5427417,43.4764892],[-80.5427595,43.4764441],[-80.5429947,43.4763862],[-80.5430125,43.4764313],[-80.5430391,43.476428],[-80.5431589,43.4766728]]]}},{"type":"Feature","id":133938877,"properties":{"osm_id":133938877,"name":null,"code":null,"alt_code":null,"height_m":12,"levels":null,"campus":false},"geometry":{"type":"Polygon","coordinates":[[[-80.5386553,43.4780733],[-80.5384259,43.4777372],[-80.5383192,43.4777756],[-80.5385486,43.4781117],[-80.5386553,43.4780733]]]}},{"type":"Feature","id":133938879,"properties":{"osm_id":133938879,"name":null,"code":null,"alt_code":null,"height_m":12,"levels":null,"campus":false},"geometry":{"type":"Polygon","coordinates":[[[-80.5382865,43.47821],[-80.5381934,43.4782459],[-80.5379591,43.4779261],[-80.5380522,43.4778902],[-80.5382865,43.47821]]]}},{"type":"Feature","id":133938882,"properties":{"osm_id":133938882,"name":null,"code":null,"alt_code":null,"height_m":12,"levels":null,"campus":false},"geometry":{"type":"Polygon","coordinates":[[[-80.5395083,43.4774411],[-80.5395877,43.4774124],[-80.5396915,43.4773749],[-80.5397685,43.4773471],[-80.5397288,43.4772892],[-80.5396495,43.4773178],[-80.539547,43.4773549],[-80.5394686,43.4773832],[-80.5395083,43.4774411]]]}},{"type":"Feature","id":133938883,"properties":{"osm_id":133938883,"name":null,"code":null,"alt_code":null,"height_m":12,"levels":null,"campus":false},"geometry":{"type":"Polygon","coordinates":[[[-80.5398094,43.477296],[-80.5398638,43.477279],[-80.5398091,43.477187],[-80.5397548,43.477204],[-80.5398094,43.477296]]]}},{"type":"Feature","id":133938885,"properties":{"osm_id":133938885,"name":null,"code":null,"alt_code":null,"height_m":12,"levels":null,"campus":false},"geometry":{"type":"Polygon","coordinates":[[[-80.5397278,43.4775722],[-80.539998,43.4774723],[-80.539977,43.4774423],[-80.539944,43.4773952],[-80.5396738,43.4774951],[-80.5397049,43.4775395],[-80.5397278,43.4775722]]]}},{"type":"Feature","id":133938886,"properties":{"osm_id":133938886,"name":null,"code":null,"alt_code":null,"height_m":12,"levels":null,"campus":false},"geometry":{"type":"Polygon","coordinates":[[[-80.5397405,43.4780064],[-80.5402279,43.4778299],[-80.5401343,43.4776938],[-80.539835,43.4778021],[-80.5397377,43.4776605],[-80.5395495,43.4777286],[-80.5397405,43.4780064]]]}},{"type":"Feature","id":133945830,"properties":{"osm_id":133945830,"name":"WCRI - Kershaw","code":null,"alt_code":null,"height_m":14,"levels":4,"campus":false},"geometry":{"type":"Polygon","coordinates":[[[-80.5368271,43.4746335],[-80.536887,43.4747262],[-80.5377863,43.4744202],[-80.5377264,43.4743275],[-80.5368271,43.4746335]]]}},{"type":"Feature","id":133945831,"properties":{"osm_id":133945831,"name":"WCRI-Clayfield","code":null,"alt_code":null,"height_m":10.5,"levels":3,"campus":false},"geometry":{"type":"Polygon","coordinates":[[[-80.5366843,43.4749932],[-80.5362293,43.4743489],[-80.5360859,43.4744022],[-80.5365409,43.4750466],[-80.5366843,43.4749932]]]}},{"type":"Feature","id":133945832,"properties":{"osm_id":133945832,"name":"WCRI-Carver","code":null,"alt_code":null,"height_m":14,"levels":4,"campus":false},"geometry":{"type":"Polygon","coordinates":[[[-80.5367024,43.4744938],[-80.5375909,43.4741347],[-80.5375232,43.4740465],[-80.5366347,43.4744056],[-80.5367024,43.4744938]]]}},{"type":"Feature","id":133945839,"properties":{"osm_id":133945839,"name":null,"code":null,"alt_code":null,"height_m":12,"levels":null,"campus":false},"geometry":{"type":"Polygon","coordinates":[[[-80.5377316,43.476442],[-80.5376685,43.4764652],[-80.5376788,43.4764801],[-80.5375782,43.4765171],[-80.5375721,43.4765084],[-80.537468,43.4765466],[-80.5375202,43.4766214],[-80.5376258,43.4765826],[-80.5376349,43.4765956],[-80.537738,43.4765577],[-80.5377301,43.4765464],[-80.5377893,43.4765247],[-80.5377316,43.476442]]]}},{"type":"Feature","id":133945842,"properties":{"osm_id":133945842,"name":null,"code":null,"alt_code":null,"height_m":12,"levels":null,"campus":false},"geometry":{"type":"Polygon","coordinates":[[[-80.5376222,43.4763919],[-80.537601,43.4764001],[-80.5376189,43.4764245],[-80.5375162,43.4764641],[-80.5374652,43.4763944],[-80.537492,43.4763841],[-80.5374444,43.4763191],[-80.537422,43.4763277],[-80.5373614,43.4762449],[-80.537474,43.4762015],[-80.5375285,43.476276],[-80.5375477,43.4762685],[-80.5376015,43.476342],[-80.5375892,43.4763468],[-80.5376222,43.4763919]]]}},{"type":"Feature","id":133945857,"properties":{"osm_id":133945857,"name":null,"code":null,"alt_code":null,"height_m":12,"levels":null,"campus":false},"geometry":{"type":"Polygon","coordinates":[[[-80.537271,43.476209],[-80.5373964,43.4761618],[-80.5373854,43.4761464],[-80.5375847,43.4760714],[-80.5375861,43.4760733],[-80.5377353,43.4760171],[-80.5376669,43.4759215],[-80.5371931,43.4761],[-80.537271,43.476209]]]}},{"type":"Feature","id":140247907,"properties":{"osm_id":140247907,"name":null,"code":null,"alt_code":null,"height_m":12,"levels":null,"campus":false},"geometry":{"type":"Polygon","coordinates":[[[-80.5383119,43.4772276],[-80.5380704,43.4773217],[-80.5381336,43.477407],[-80.5383751,43.4773129],[-80.5383119,43.4772276]]]}},{"type":"Feature","id":141711588,"properties":{"osm_id":141711588,"name":"South 8","code":null,"alt_code":null,"height_m":14,"levels":4,"campus":false},"geometry":{"type":"Polygon","coordinates":[[[-80.5514342,43.4708956],[-80.5514475,43.4709167],[-80.5514721,43.4709093],[-80.5514765,43.4709171],[-80.5515023,43.4709087],[-80.5514973,43.4708988],[-80.5515374,43.4708849],[-80.5515462,43.4708935],[-80.5515685,43.4708863],[-80.5515667,43.4708784],[-80.5515909,43.4708694],[-80.5516085,43.4708981],[-80.5516696,43.4708737],[-80.5516941,43.4709088],[-80.5516236,43.4709328],[-80.5516819,43.4710232],[-80.5516373,43.4710361],[-80.5516488,43.4710611],[-80.551659,43.471057],[-80.5516886,43.4711008],[-80.5516596,43.4711108],[-80.5516281,43.4710675],[-80.5516363,43.4710654],[-80.5516163,43.4710351],[-80.5515926,43.4710414],[-80.5515796,43.4710207],[-80.5515583,43.4710268],[-80.5515568,43.4710364],[-80.5515106,43.4710528],[-80.5515056,43.4710445],[-80.5514815,43.4710527],[-80.5514836,43.4710618],[-80.5514632,43.4710678],[-80.5514439,43.4710373],[-80.5514646,43.4710298],[-80.5514579,43.4710162],[-80.5514477,43.4710184],[-80.551438,43.4710022],[-80.5514469,43.4709991],[-80.5514342,43.4709785],[-80.5514222,43.4709823],[-80.5514026,43.4709511],[-80.5514136,43.4709464],[-80.5514006,43.4709279],[-80.5513857,43.4709296],[-80.551377,43.470913],[-80.5514192,43.4709015],[-80.5514342,43.4708956]]]}},{"type":"Feature","id":141712434,"properties":{"osm_id":141712434,"name":"West 2","code":null,"alt_code":null,"height_m":14,"levels":4,"campus":false},"geometry":{"type":"Polygon","coordinates":[[[-80.5510919,43.4713757],[-80.551057,43.4713882],[-80.5510254,43.471342],[-80.5509775,43.4713592],[-80.551022,43.4714243],[-80.5509972,43.4714332],[-80.5509914,43.4714249],[-80.550893,43.4714603],[-80.5509142,43.4714913],[-80.550901,43.4714961],[-80.5508884,43.4715006],[-80.5508631,43.4715097],[-80.5508128,43.4715278],[-80.5508043,43.4715154],[-80.5507917,43.4715199],[-80.5508236,43.4715722],[-80.5508498,43.4715633],[-80.5508531,43.4715682],[-80.5508719,43.4715614],[-80.5508514,43.4715314],[-80.5508991,43.4715142],[-80.550893,43.4715054],[-80.5509138,43.4714979],[-80.5509195,43.4715062],[-80.5509581,43.4714923],[-80.5509711,43.4715112],[-80.5509792,43.4715083],[-80.5509909,43.4715254],[-80.5509775,43.4715302],[-80.5510017,43.4715656],[-80.5510146,43.4715609],[-80.5510256,43.4715771],[-80.5510156,43.4715806],[-80.5510291,43.4716004],[-80.5510695,43.4715859],[-80.5510791,43.4715999],[-80.5511173,43.4716558],[-80.5511588,43.4716409],[-80.5511229,43.4715885],[-80.5511055,43.4715948],[-80.5510943,43.4715784],[-80.5511136,43.4715714],[-80.5510993,43.4715506],[-80.5511277,43.4715403],[-80.5511318,43.4715462],[-80.5511772,43.4715299],[-80.5511725,43.471523],[-80.5511987,43.4715136],[-80.5512025,43.4715192],[-80.5512244,43.4715113],[-80.5512034,43.4714807],[-80.5511636,43.471495],[-80.5511547,43.471482],[-80.5511638,43.4714787],[-80.5511525,43.471462],[-80.5511432,43.4714654],[-80.5511308,43.4714471],[-80.5511407,43.4714435],[-80.5511185,43.471411],[-80.5511092,43.4714144],[-80.5510956,43.4713946],[-80.551103,43.4713919],[-80.5510919,43.4713757]]]}},{"type":"Feature","id":141712436,"properties":{"osm_id":141712436,"name":null,"code":null,"alt_code":null,"height_m":14,"levels":4,"campus":false},"geometry":{"type":"Polygon","coordinates":[[[-80.5507954,43.470843],[-80.5507695,43.4708534],[-80.5507761,43.4708613],[-80.5507519,43.4708695],[-80.5507454,43.4708598],[-80.5506995,43.4708753],[-80.5507029,43.4708851],[-80.5506757,43.4708943],[-80.5506631,43.4708757],[-80.5506424,43.4708811],[-80.5505999,43.4708228],[-80.5505711,43.4708342],[-80.5506148,43.470891],[-80.5505797,43.470903],[-80.5505924,43.4709229],[-80.5506055,43.4709182],[-80.5506199,43.4709378],[-80.5506058,43.4709419],[-80.5506268,43.4709757],[-80.5506395,43.4709731],[-80.5506534,43.4709892],[-80.5506398,43.4709951],[-80.5506519,43.4710117],[-80.5506284,43.471021],[-80.5505494,43.4710485],[-80.5505296,43.4710174],[-80.5505049,43.4710257],[-80.5505116,43.4710347],[-80.5504824,43.4710433],[-80.5504768,43.4710338],[-80.5504325,43.4710494],[-80.5504395,43.4710588],[-80.5504116,43.4710667],[-80.5504055,43.4710601],[-80.5503845,43.4710674],[-80.5503882,43.4710755],[-80.5503715,43.4710812],[-80.5503599,43.4710641],[-80.5503181,43.4710789],[-80.5503261,43.4710966],[-80.5503379,43.4710925],[-80.5503517,43.4711107],[-80.5503406,43.4711166],[-80.550362,43.471148],[-80.5503733,43.4711453],[-80.5503869,43.4711634],[-80.55036,43.4711733],[-80.5503726,43.4711915],[-80.5503883,43.4712376],[-80.5504029,43.4712326],[-80.550413,43.4712291],[-80.5504088,43.4712216],[-80.5504313,43.4712137],[-80.550437,43.471222],[-80.5504825,43.4712058],[-80.5504783,43.4711985],[-80.5505065,43.4711892],[-80.5505447,43.4712563],[-80.550599,43.4712372],[-80.5505688,43.4711916],[-80.5506031,43.4711809],[-80.5505898,43.4711588],[-80.5505787,43.471164],[-80.5505687,43.4711487],[-80.5505805,43.4711427],[-80.550555,43.4711063],[-80.5505433,43.4711101],[-80.550533,43.4710949],[-80.5505429,43.4710894],[-80.5505298,43.4710718],[-80.550573,43.4710561],[-80.5506362,43.471033],[-80.5506569,43.4710643],[-80.5507768,43.4710212],[-80.5508145,43.4710779],[-80.5508642,43.4710605],[-80.5508343,43.4710159],[-80.5508697,43.4710024],[-80.5508559,43.4709841],[-80.5508435,43.4709896],[-80.550835,43.4709737],[-80.5508431,43.4709673],[-80.5508191,43.4709316],[-80.5508093,43.4709357],[-80.5507988,43.470919],[-80.5508093,43.4709156],[-80.5507954,43.4708968],[-80.550785,43.4709016],[-80.5507766,43.4708898],[-80.5508186,43.4708733],[-80.5507954,43.470843]]]}},{"type":"Feature","id":141712440,"properties":{"osm_id":141712440,"name":"North 5","code":null,"alt_code":null,"height_m":14,"levels":4,"campus":false},"geometry":{"type":"Polygon","coordinates":[[[-80.5494204,43.4722039],[-80.5493898,43.4722164],[-80.5494753,43.4723268],[-80.5494099,43.4723535],[-80.5493981,43.4723382],[-80.5492561,43.472396],[-80.5492339,43.4723672],[-80.5492238,43.4723713],[-80.549153,43.4724001],[-80.5491226,43.4723607],[-80.5492569,43.472306],[-80.5491942,43.4722249],[-80.5491829,43.4722294],[-80.5491819,43.4722281],[-80.5492274,43.4722101],[-80.5491923,43.4721634],[-80.5492263,43.47215],[-80.5492718,43.4722105],[-80.54939,43.4721637],[-80.5494115,43.4721924],[-80.5494204,43.4722039]]]}},{"type":"Feature","id":141712445,"properties":{"osm_id":141712445,"name":"Student Village 1 Central Complex","code":"V1","alt_code":null,"height_m":24.5,"levels":7,"campus":true},"geometry":{"type":"Polygon","coordinates":[[[-80.5501591,43.4715532],[-80.5503075,43.471775],[-80.5501247,43.471847],[-80.550074,43.4718654],[-80.5497601,43.4719779],[-80.5497489,43.4719697],[-80.5497168,43.4719261],[-80.5496498,43.4718406],[-80.5496317,43.4718473],[-80.54956,43.4717464],[-80.5495933,43.4717333],[-80.5497095,43.4716904],[-80.5495342,43.4714438],[-80.549519,43.4714225],[-80.5495954,43.4713939],[-80.5497401,43.4713397],[-80.5497738,43.4713271],[-80.5498143,43.471384],[-80.5499761,43.4713248],[-80.5500048,43.4713122],[-80.5501843,43.4712452],[-80.5502794,43.4712097],[-80.5502861,43.471246],[-80.5503128,43.4712548],[-80.5503419,43.4712977],[-80.5503679,43.4712879],[-80.5504375,43.471396],[-80.5504702,43.4714468],[-80.5504386,43.4714582],[-80.5503081,43.4715006],[-80.5501591,43.4715532]]]}},{"type":"Feature","id":141712447,"properties":{"osm_id":141712447,"name":null,"code":null,"alt_code":null,"height_m":14,"levels":4,"campus":false},"geometry":{"type":"Polygon","coordinates":[[[-80.5505209,43.4707294],[-80.5505269,43.4707413],[-80.5505054,43.47075],[-80.5505217,43.4707748],[-80.5505493,43.4707651],[-80.5505635,43.4707854],[-80.5505,43.4708092],[-80.5504867,43.4707852],[-80.550506,43.4707794],[-80.5504875,43.4707549],[-80.5504429,43.4707705],[-80.5504316,43.4707516],[-80.550445,43.4707467],[-80.550432,43.4707267],[-80.5504164,43.4707321],[-80.5503934,43.4706996],[-80.5504077,43.4706932],[-80.550383,43.4706592],[-80.5503492,43.4706704],[-80.5502894,43.4706903],[-80.5502733,43.470695],[-80.5503246,43.4707695],[-80.5502548,43.4707933],[-80.5502458,43.4707795],[-80.5501055,43.4708275],[-80.5500677,43.4708411],[-80.5500888,43.470872],[-80.5500258,43.4708946],[-80.5498685,43.4709509],[-80.5498794,43.4709669],[-80.5499058,43.471007],[-80.5499463,43.470993],[-80.5500009,43.4710762],[-80.5500816,43.4710483],[-80.5501024,43.4710799],[-80.5500407,43.4711012],[-80.5500594,43.4711297],[-80.5499483,43.4711681],[-80.5499674,43.4711974],[-80.5499418,43.4712062],[-80.5499826,43.4712685],[-80.5499739,43.4712715],[-80.5499435,43.4712822],[-80.549903,43.4712216],[-80.5498827,43.4712288],[-80.5498078,43.4711168],[-80.5497779,43.4711273],[-80.5497449,43.4710779],[-80.5498793,43.4710306],[-80.5498717,43.4710193],[-80.549845,43.4709759],[-80.5498045,43.470989],[-80.5497561,43.4709105],[-80.5497215,43.4709217],[-80.5496919,43.4708737],[-80.5498055,43.4708368],[-80.5497662,43.4707731],[-80.5498341,43.4707511],[-80.5498634,43.4707985],[-80.5499009,43.4707863],[-80.5499566,43.4708763],[-80.5500054,43.4708604],[-80.5500265,43.4708528],[-80.5500169,43.4708388],[-80.5500929,43.4708112],[-80.5500527,43.4707531],[-80.550078,43.4707439],[-80.5500202,43.4706605],[-80.5500522,43.4706488],[-80.5500226,43.4706061],[-80.5500761,43.4705865],[-80.5501175,43.4706461],[-80.5502178,43.4706094],[-80.5502635,43.4706778],[-80.5502791,43.4706729],[-80.5503652,43.4706459],[-80.5503502,43.4706202],[-80.5504009,43.4706004],[-80.5504252,43.4705914],[-80.5503844,43.470536],[-80.5504292,43.4705156],[-80.5504636,43.470563],[-80.5505023,43.4705489],[-80.5505142,43.4705655],[-80.5504997,43.4705711],[-80.5505113,43.4705887],[-80.5505264,43.4705839],[-80.550551,43.4706165],[-80.550536,43.4706234],[-80.5505481,43.4706416],[-80.5505659,43.4706348],[-80.550579,43.4706518],[-80.5505635,43.4706577],[-80.5505735,43.4706698],[-80.550616,43.4706554],[-80.5506429,43.4706875],[-80.5506168,43.4706962],[-80.5506093,43.4706858],[-80.5505861,43.4706938],[-80.5505902,43.4707057],[-80.5505209,43.4707294]]]}},{"type":"Feature","id":141712451,"properties":{"osm_id":141712451,"name":null,"code":null,"alt_code":null,"height_m":14,"levels":4,"campus":false},"geometry":{"type":"Polygon","coordinates":[[[-80.5515182,43.4716777],[-80.5516009,43.4717948],[-80.5515651,43.4718081],[-80.5515995,43.4718568],[-80.5515397,43.471879],[-80.551497,43.4718185],[-80.5513838,43.4718606],[-80.5513649,43.4718339],[-80.5513042,43.4718565],[-80.5512619,43.4718722],[-80.5513322,43.4719719],[-80.5512978,43.4719847],[-80.551328,43.4720274],[-80.5512716,43.4720484],[-80.5512308,43.4719907],[-80.5511152,43.4720336],[-80.5510848,43.4719905],[-80.5510554,43.4720015],[-80.5510306,43.4720107],[-80.5510013,43.4720216],[-80.5509832,43.4720283],[-80.5510444,43.4721149],[-80.5509936,43.4721338],[-80.5509808,43.4721157],[-80.5508313,43.4721713],[-80.5508174,43.4721516],[-80.5507492,43.472177],[-80.5507226,43.4721394],[-80.5508092,43.4721072],[-80.5507442,43.4720152],[-80.5507723,43.4720034],[-80.5507394,43.4719568],[-80.550721,43.4719307],[-80.550584,43.4719817],[-80.5505643,43.4719538],[-80.5505057,43.4719756],[-80.5504828,43.4719431],[-80.5505614,43.4719139],[-80.5504999,43.4718269],[-80.5505716,43.4718002],[-80.5505766,43.4718072],[-80.5505867,43.4718216],[-80.5507001,43.4717795],[-80.5508071,43.471931],[-80.5507705,43.4719446],[-80.5508029,43.4719905],[-80.5508195,43.472014],[-80.5509566,43.471963],[-80.5509832,43.4720007],[-80.5510324,43.4719825],[-80.5511039,43.4719559],[-80.5510552,43.4718869],[-80.5510443,43.4718714],[-80.551094,43.4718529],[-80.5511088,43.4718739],[-80.5512665,43.4718153],[-80.5512846,43.471841],[-80.5513024,43.4718344],[-80.5513547,43.471815],[-80.5513842,43.471804],[-80.5513193,43.4717122],[-80.5513069,43.4716946],[-80.5513554,43.4716766],[-80.5513958,43.4716615],[-80.5514086,43.4716797],[-80.5515235,43.471637],[-80.5515451,43.4716677],[-80.5515182,43.4716777]]]}},{"type":"Feature","id":141718251,"properties":{"osm_id":141718251,"name":"East 2","code":null,"alt_code":null,"height_m":14,"levels":4,"campus":false},"geometry":{"type":"Polygon","coordinates":[[[-80.5491309,43.4717935],[-80.5491096,43.4718017],[-80.5490337,43.471705],[-80.5490292,43.4716993],[-80.5489466,43.4717251],[-80.5489614,43.4717469],[-80.5488362,43.4717919],[-80.5488502,43.4718125],[-80.5488843,43.4718002],[-80.5489662,43.4719199],[-80.5490047,43.471906],[-80.5490332,43.4719477],[-80.5490727,43.4719334],[-80.5490338,43.4718767],[-80.5491562,43.4718323],[-80.5491391,43.4718074],[-80.5491309,43.4717935]]]}},{"type":"Feature","id":141718267,"properties":{"osm_id":141718267,"name":"East 5","code":null,"alt_code":null,"height_m":14,"levels":4,"campus":false},"geometry":{"type":"Polygon","coordinates":[[[-80.5487793,43.471513],[-80.5488901,43.4714703],[-80.5488521,43.4714183],[-80.5489162,43.4713936],[-80.5489453,43.4714334],[-80.548983,43.4714189],[-80.5490518,43.4715151],[-80.5490689,43.4715357],[-80.5490974,43.4715752],[-80.5489603,43.4716283],[-80.5489751,43.4716484],[-80.5489525,43.4716571],[-80.5489842,43.4717002],[-80.5489542,43.4717118],[-80.5488574,43.4715801],[-80.5488349,43.4715888],[-80.5487993,43.4715404],[-80.5487793,43.471513]]]}},{"type":"Feature","id":142917787,"properties":{"osm_id":142917787,"name":"Lyle S. Hallman Institute for Health Promotion","code":"LHI","alt_code":null,"height_m":12,"levels":null,"campus":true},"geometry":{"type":"Polygon","coordinates":[[[-80.5459171,43.4733156],[-80.546048,43.4732649],[-80.5460655,43.4732888],[-80.546085,43.4732812],[-80.5461944,43.4732383],[-80.5463304,43.4731843],[-80.5463263,43.4731788],[-80.5463588,43.4731659],[-80.5463507,43.4731551],[-80.5463963,43.473137],[-80.5464051,43.4731487],[-80.5464706,43.4731227],[-80.5463772,43.4729989],[-80.5460337,43.4731353],[-80.5459246,43.4729906],[-80.545824,43.4730306],[-80.5457893,43.4729845],[-80.545756,43.4729977],[-80.54574,43.4729764],[-80.5456828,43.4729991],[-80.5457501,43.4730885],[-80.5457554,43.4730956],[-80.5457627,43.4731056],[-80.5459171,43.4733156]]]}},{"type":"Feature","id":143668848,"properties":{"osm_id":143668848,"name":"UW Place Grand Commons","code":"UWP","alt_code":null,"height_m":3.5,"levels":1,"campus":true},"geometry":{"type":"Polygon","coordinates":[[[-80.5354095,43.4706698],[-80.5354101,43.4706724],[-80.5353217,43.4707227],[-80.535336,43.4707359],[-80.5351854,43.4708216],[-80.5351449,43.4707842],[-80.5350701,43.4708268],[-80.5350291,43.4707889],[-80.5349693,43.470823],[-80.5349117,43.4707697],[-80.5348936,43.470753],[-80.53491,43.4707436],[-80.5348767,43.4707129],[-80.5349007,43.4706992],[-80.535101,43.4705852],[-80.5351678,43.4705472],[-80.5352074,43.4705838],[-80.5352938,43.4705346],[-80.5353264,43.4705648],[-80.5353293,43.4705602],[-80.5353607,43.4705891],[-80.5353369,43.4706027],[-80.5354095,43.4706698]]]}},{"type":"Feature","id":143668910,"properties":{"osm_id":143668910,"name":"Picnic Shelter","code":null,"alt_code":null,"height_m":12,"levels":null,"campus":false},"geometry":{"type":"Polygon","coordinates":[[[-80.5364008,43.4651581],[-80.5364116,43.4651728],[-80.5364586,43.4652365],[-80.5366152,43.4651757],[-80.5365574,43.4650973],[-80.5364008,43.4651581]]]}},{"type":"Feature","id":143668911,"properties":{"osm_id":143668911,"name":"Servery","code":null,"alt_code":null,"height_m":12,"levels":null,"campus":false},"geometry":{"type":"Polygon","coordinates":[[[-80.5360332,43.4655891],[-80.5359055,43.4655262],[-80.5359578,43.4654703],[-80.5359297,43.4654565],[-80.5360177,43.4653625],[-80.5361441,43.4654248],[-80.5361335,43.4654362],[-80.5360771,43.4654964],[-80.5361064,43.4655109],[-80.5360332,43.4655891]]]}},{"type":"Feature","id":143668912,"properties":{"osm_id":143668912,"name":"Service Centre","code":null,"alt_code":null,"height_m":12,"levels":null,"campus":false},"geometry":{"type":"Polygon","coordinates":[[[-80.5346729,43.465609],[-80.5348363,43.4655872],[-80.5349575,43.465571],[-80.5349656,43.4656029],[-80.5349997,43.4655984],[-80.5350339,43.4655938],[-80.5350282,43.4655716],[-80.5351535,43.4655548],[-80.535127,43.4654501],[-80.5346488,43.4655139],[-80.5346729,43.465609]]]}},{"type":"Feature","id":143670688,"properties":{"osm_id":143670688,"name":null,"code":null,"alt_code":null,"height_m":3.5,"levels":1,"campus":false},"geometry":{"type":"Polygon","coordinates":[[[-80.5395418,43.4770033],[-80.5395315,43.4769892],[-80.5395017,43.4769469],[-80.539464,43.4768936],[-80.5394518,43.4768767],[-80.5393323,43.4769215],[-80.5393424,43.4769354],[-80.5393799,43.4769883],[-80.5394123,43.477032],[-80.5394223,43.4770481],[-80.5395418,43.4770033]]]}},{"type":"Feature","id":143670689,"properties":{"osm_id":143670689,"name":null,"code":null,"alt_code":null,"height_m":3.5,"levels":1,"campus":false},"geometry":{"type":"Polygon","coordinates":[[[-80.5392623,43.4769277],[-80.5394254,43.4768726],[-80.5393818,43.4767928],[-80.5391618,43.4768726],[-80.5392339,43.4769745],[-80.5392548,43.4769662],[-80.5392623,43.4769277]]]}},{"type":"Feature","id":144575020,"properties":{"osm_id":144575020,"name":"Conrad Grebel University College","code":null,"alt_code":null,"height_m":12,"levels":null,"campus":false},"geometry":{"type":"Polygon","coordinates":[[[-80.5455791,43.4668423],[-80.5454996,43.4669143],[-80.5453867,43.4668912],[-80.5453165,43.4668222],[-80.5453973,43.4667432],[-80.545441,43.4667537],[-80.545481,43.4667626],[-80.5455067,43.4667317],[-80.5455692,43.4667625],[-80.5455616,43.4667721],[-80.5455921,43.4667897],[-80.5455694,43.4668128],[-80.545532,43.4667947],[-80.5455791,43.4668423]]]}},{"type":"Feature","id":145078340,"properties":{"osm_id":145078340,"name":"Wilmot Court","code":null,"alt_code":null,"height_m":10.5,"levels":3,"campus":false},"geometry":{"type":"Polygon","coordinates":[[[-80.5362409,43.470962],[-80.5361612,43.4710081],[-80.5359975,43.4708592],[-80.5361675,43.4707608],[-80.5361334,43.4707297],[-80.5362139,43.4706831],[-80.5362781,43.4707414],[-80.5364034,43.4706687],[-80.5364486,43.4707097],[-80.5365365,43.4706587],[-80.5365662,43.4706415],[-80.5366189,43.4706893],[-80.5366506,43.4706709],[-80.5368802,43.4708792],[-80.5369583,43.4708338],[-80.5370142,43.4708845],[-80.5369665,43.4709122],[-80.5371052,43.4710379],[-80.5371156,43.4710474],[-80.5370054,43.4711114],[-80.5371465,43.4712393],[-80.5369731,43.47134],[-80.5370134,43.4713766],[-80.536963,43.4714059],[-80.5369019,43.4713504],[-80.5367764,43.4714232],[-80.5367181,43.4713702],[-80.5366203,43.4714269],[-80.5365566,43.4714638],[-80.536429,43.4713478],[-80.5363885,43.4713713],[-80.5363397,43.4713269],[-80.5364228,43.4712788],[-80.5363114,43.4711774],[-80.5362906,43.4711583],[-80.5362292,43.4711939],[-80.5361965,43.4711641],[-80.5363614,43.4710688],[-80.536491,43.471187],[-80.5365402,43.4711585],[-80.5365827,43.4711974],[-80.5365029,43.4712434],[-80.5366348,43.471364],[-80.536689,43.4713328],[-80.5367668,43.4712879],[-80.5367256,43.4712503],[-80.5367861,43.4712155],[-80.5368478,43.4712718],[-80.5369994,43.4711845],[-80.53691,43.4711028],[-80.5369529,43.471078],[-80.5368261,43.4709621],[-80.5367449,43.4710088],[-80.5366897,43.4709583],[-80.5367314,43.4709344],[-80.5365819,43.4707978],[-80.536539,43.4708225],[-80.5364907,43.4707784],[-80.5364123,43.4708236],[-80.5364465,43.4708548],[-80.536383,43.4708915],[-80.5363278,43.4708412],[-80.5361935,43.4709188],[-80.5362409,43.470962]]]}},{"type":"Feature","id":145078401,"properties":{"osm_id":145078401,"name":"Wellesley Court","code":null,"alt_code":null,"height_m":10.5,"levels":3,"campus":false},"geometry":{"type":"Polygon","coordinates":[[[-80.5358751,43.4712265],[-80.5359161,43.4712626],[-80.535854,43.4712998],[-80.5359869,43.4714167],[-80.5360678,43.4713683],[-80.5360994,43.4713961],[-80.5360641,43.4714172],[-80.5362173,43.471552],[-80.5361434,43.4715962],[-80.5360738,43.4716379],[-80.5361095,43.4716693],[-80.5359869,43.4717427],[-80.5360552,43.4718028],[-80.5359795,43.4718482],[-80.5359456,43.4718184],[-80.535785,43.4719146],[-80.5356395,43.4717865],[-80.5355319,43.471851],[-80.5353812,43.4717184],[-80.5353481,43.4717382],[-80.5352917,43.4716886],[-80.5353658,43.4716442],[-80.5352291,43.4715239],[-80.5352583,43.4715064],[-80.5350992,43.4713664],[-80.5351344,43.4713453],[-80.535215,43.4712971],[-80.5351686,43.4712563],[-80.5352893,43.471184],[-80.5352262,43.4711285],[-80.5353025,43.4710828],[-80.5353574,43.4711311],[-80.5355056,43.4710424],[-80.5356284,43.4711504],[-80.535589,43.471174],[-80.5355363,43.4711276],[-80.5354966,43.4711513],[-80.5353962,43.4712115],[-80.5354634,43.4712706],[-80.5354059,43.471305],[-80.5353741,43.4712771],[-80.53533,43.4713035],[-80.5353039,43.4713191],[-80.5353543,43.4713635],[-80.5353036,43.4713938],[-80.5353342,43.4714208],[-80.5354577,43.4715294],[-80.5354983,43.4715051],[-80.5355217,43.4715257],[-80.535558,43.4715576],[-80.5354773,43.4716059],[-80.5356095,43.4717221],[-80.5356446,43.4717011],[-80.5357426,43.4717873],[-80.5357902,43.4717589],[-80.5359095,43.4716874],[-80.535851,43.471636],[-80.5358978,43.471608],[-80.535933,43.4716389],[-80.5360171,43.4715886],[-80.5360708,43.4715564],[-80.5359336,43.4714357],[-80.5358463,43.471488],[-80.5358044,43.4714511],[-80.5358425,43.4714284],[-80.5357192,43.4713199],[-80.5358751,43.4712265]]]}},{"type":"Feature","id":145078448,"properties":{"osm_id":145078448,"name":"Waterloo Court","code":null,"alt_code":null,"height_m":10.5,"levels":3,"campus":false},"geometry":{"type":"Polygon","coordinates":[[[-80.5345856,43.4702896],[-80.5345264,43.4702361],[-80.53459,43.4701991],[-80.5344886,43.4701075],[-80.5344142,43.4701509],[-80.5343497,43.4700926],[-80.5344022,43.4700619],[-80.5342658,43.4699388],[-80.53442,43.4698488],[-80.5343826,43.4698151],[-80.5345254,43.4697319],[-80.5344632,43.4696758],[-80.5345142,43.469646],[-80.5345503,43.4696787],[-80.5347007,43.469591],[-80.5348483,43.4697243],[-80.5349654,43.469656],[-80.5351122,43.4697886],[-80.5351483,43.4697676],[-80.5351906,43.4698058],[-80.5351334,43.4698391],[-80.5353634,43.4700468],[-80.5353124,43.4700765],[-80.5353438,43.4701049],[-80.5352373,43.4701671],[-80.5352865,43.4702115],[-80.5351562,43.4702875],[-80.5352259,43.4703504],[-80.5351617,43.4703878],[-80.5351251,43.4703547],[-80.5349598,43.4704512],[-80.5348236,43.4703282],[-80.5348679,43.4703024],[-80.5349017,43.4703329],[-80.5349258,43.4703189],[-80.5350669,43.4702366],[-80.5350008,43.470177],[-80.5350557,43.470145],[-80.5351007,43.4701856],[-80.5351412,43.470162],[-80.5351824,43.470138],[-80.5351379,43.4700978],[-80.5351943,43.4700648],[-80.5350361,43.469922],[-80.5349922,43.4699476],[-80.5349617,43.4699201],[-80.535032,43.4698791],[-80.5348949,43.4697553],[-80.5348479,43.4697827],[-80.5347524,43.4696964],[-80.534733,43.4697077],[-80.5345992,43.4697858],[-80.5346629,43.4698433],[-80.5345956,43.4698826],[-80.5345588,43.4698494],[-80.5344477,43.4699142],[-80.5345668,43.4700217],[-80.5346358,43.4699815],[-80.534691,43.4700313],[-80.5346544,43.4700526],[-80.5347869,43.4701722],[-80.5345856,43.4702896]]]}},{"type":"Feature","id":145890265,"properties":{"osm_id":145890265,"name":"Graduate House","code":"GH","alt_code":null,"height_m":12,"levels":null,"campus":true},"geometry":{"type":"Polygon","coordinates":[[[-80.5410891,43.4697781],[-80.5410243,43.4698122],[-80.5409908,43.4697786],[-80.5409496,43.4698003],[-80.5409048,43.4697558],[-80.5408694,43.4697749],[-80.5408553,43.4697613],[-80.5408285,43.4697354],[-80.5407949,43.4697023],[-80.5409367,43.4696266],[-80.5409942,43.4696837],[-80.5410891,43.4697781]]]}},{"type":"Feature","id":147379102,"properties":{"osm_id":147379102,"name":"Douglas Wright Engineering Building","code":"DWE","alt_code":null,"height_m":10.5,"levels":3,"campus":true},"geometry":{"type":"Polygon","coordinates":[[[-80.53937,43.4701871],[-80.5393341,43.4701351],[-80.5392875,43.470152],[-80.539254,43.4701034],[-80.5392234,43.4701145],[-80.5391817,43.4700541],[-80.538742,43.4702158],[-80.5387586,43.4702383],[-80.5386917,43.4702627],[-80.538793,43.4704094],[-80.5388195,43.4703997],[-80.538881,43.4704888],[-80.5388933,43.4705067],[-80.5389062,43.470502],[-80.538967,43.4704799],[-80.5390806,43.4704386],[-80.5392215,43.4703874],[-80.5392699,43.4703698],[-80.539248,43.470338],[-80.5393833,43.4702888],[-80.5394344,43.4703629],[-80.5395854,43.4703079],[-80.5395069,43.4701943],[-80.5395359,43.4701837],[-80.5395686,43.4701718],[-80.5395802,43.4701888],[-80.5396639,43.4701584],[-80.5396789,43.4701801],[-80.5397221,43.4701644],[-80.5397081,43.4701441],[-80.5397152,43.4701415],[-80.5397224,43.4701389],[-80.5397338,43.4701348],[-80.5397622,43.4701759],[-80.539784,43.470168],[-80.5398321,43.4701505],[-80.5405579,43.4698866],[-80.5405774,43.4698795],[-80.5405441,43.4698312],[-80.5405167,43.4697914],[-80.5404624,43.4697128],[-80.5396459,43.4700097],[-80.539408,43.4696652],[-80.5393161,43.4696986],[-80.539313,43.4696941],[-80.5392913,43.4696626],[-80.5391954,43.4696975],[-80.5392152,43.4697262],[-80.5392192,43.469732],[-80.5391448,43.469759],[-80.5394065,43.4701381],[-80.5394118,43.4701457],[-80.5394262,43.4701666],[-80.53937,43.4701871]]]}},{"type":"Feature","id":148285604,"properties":{"osm_id":148285604,"name":"Mackenzie King Village","code":"MKV","alt_code":null,"height_m":17.5,"levels":5,"campus":true},"geometry":{"type":"Polygon","coordinates":[[[-80.5531487,43.4713295],[-80.553152,43.4713586],[-80.5531369,43.4713595],[-80.5531437,43.47142],[-80.5531135,43.4714218],[-80.5531147,43.4714327],[-80.553128,43.4714515],[-80.5531248,43.4714629],[-80.5531148,43.4714705],[-80.5531024,43.4714719],[-80.5530866,43.4714791],[-80.5530733,43.4714792],[-80.5530932,43.4714926],[-80.5530247,43.4715465],[-80.553007,43.4715346],[-80.5529774,43.4715454],[-80.5529913,43.4715656],[-80.552931,43.4715874],[-80.5529375,43.4715968],[-80.5528872,43.4716151],[-80.5528797,43.4716042],[-80.5527672,43.471645],[-80.5527742,43.4716553],[-80.5527203,43.4716749],[-80.5527142,43.471666],[-80.5526746,43.4716804],[-80.5526576,43.4716866],[-80.5526478,43.4716723],[-80.5525845,43.4716952],[-80.552593,43.4717076],[-80.5524508,43.4717479],[-80.5524284,43.471731],[-80.5523527,43.4717673],[-80.5522463,43.4717479],[-80.5522407,43.4717306],[-80.5522093,43.4717392],[-80.5521794,43.4717281],[-80.5521773,43.4716973],[-80.5521465,43.4717071],[-80.5521201,43.4716678],[-80.5520786,43.4716168],[-80.5520361,43.4715464],[-80.5520365,43.4715378],[-80.5520025,43.471503],[-80.5519755,43.4714755],[-80.551945,43.471432],[-80.5518282,43.4712603],[-80.5517842,43.4711955],[-80.5517708,43.4711776],[-80.5517045,43.4711815],[-80.5517016,43.4711554],[-80.5518159,43.4711487],[-80.5518517,43.471136],[-80.5518713,43.4711652],[-80.5519199,43.471148],[-80.5519494,43.4711918],[-80.551972,43.4711838],[-80.5519838,43.4712014],[-80.5519664,43.4712076],[-80.5520519,43.4712206],[-80.5520764,43.4712466],[-80.5520976,43.4712691],[-80.5521162,43.4713158],[-80.5521291,43.4713556],[-80.5521683,43.4713922],[-80.5522073,43.4714278],[-80.5522371,43.4714757],[-80.5522387,43.4714956],[-80.5522886,43.471553],[-80.5523108,43.4715969],[-80.5523252,43.4716389],[-80.5524114,43.4716317],[-80.5523996,43.4716136],[-80.5524426,43.4715989],[-80.552444,43.4716139],[-80.5525055,43.4715922],[-80.5525176,43.4716101],[-80.5525887,43.471585],[-80.5525766,43.4715669],[-80.5529728,43.4714309],[-80.5529634,43.4713764],[-80.55294,43.4713785],[-80.5529338,43.4713424],[-80.5529542,43.4713406],[-80.5529378,43.4712456],[-80.5529166,43.4712475],[-80.5529088,43.4712025],[-80.5529327,43.4712003],[-80.5529271,43.4711678],[-80.5529431,43.4711625],[-80.5529404,43.471144],[-80.5529343,43.4711028],[-80.5529158,43.4711037],[-80.5529128,43.4710828],[-80.5529104,43.4710653],[-80.5529094,43.4710587],[-80.5528961,43.4710597],[-80.5528915,43.4710267],[-80.5529046,43.4710257],[-80.5528983,43.4709809],[-80.5529701,43.4709756],[-80.5529669,43.4709522],[-80.553026,43.4709479],[-80.5530292,43.4709713],[-80.5530724,43.4709683],[-80.5530789,43.4710164],[-80.5530939,43.4710153],[-80.5530969,43.4710385],[-80.5530863,43.4710392],[-80.5530934,43.4710944],[-80.5530821,43.4710952],[-80.5530889,43.4711496],[-80.5531026,43.4711487],[-80.553109,43.4712014],[-80.553125,43.4712004],[-80.5531277,43.4712231],[-80.5531154,43.4712238],[-80.5531277,43.4713308],[-80.5531487,43.4713295]]]}},{"type":"Feature","id":154056255,"properties":{"osm_id":154056255,"name":"Energy Research Centre","code":"ERC","alt_code":null,"height_m":14,"levels":4,"campus":true},"geometry":{"type":"Polygon","coordinates":[[[-80.5446074,43.473728],[-80.5446142,43.4737378],[-80.5446549,43.4737229],[-80.544696,43.473708],[-80.544641,43.4736284],[-80.5445173,43.4734492],[-80.5445554,43.4734353],[-80.5445342,43.4734047],[-80.544482,43.4734236],[-80.5444091,43.4734502],[-80.5444025,43.4734405],[-80.544081,43.4735574],[-80.5442151,43.4737517],[-80.5441751,43.4737663],[-80.5442407,43.4738613],[-80.5446074,43.473728]]]}},{"type":"Feature","id":157491219,"properties":{"osm_id":157491219,"name":null,"code":null,"alt_code":null,"height_m":12,"levels":null,"campus":false},"geometry":{"type":"Polygon","coordinates":[[[-80.5381382,43.4769994],[-80.5381931,43.4770741],[-80.5379517,43.4771675],[-80.5378967,43.4770927],[-80.5381382,43.4769994]]]}},{"type":"Feature","id":158807251,"properties":{"osm_id":158807251,"name":"Engineering 6","code":"E6","alt_code":null,"height_m":21,"levels":6,"campus":true},"geometry":{"type":"Polygon","coordinates":[[[-80.5389981,43.4730867],[-80.5387659,43.4727656],[-80.5387476,43.4727402],[-80.5386763,43.4727674],[-80.5386383,43.4727148],[-80.5383806,43.4728129],[-80.5384218,43.4728699],[-80.5383553,43.4728952],[-80.5383785,43.4729273],[-80.5386045,43.4732398],[-80.5386541,43.4732209],[-80.538672,43.4732449],[-80.5386906,43.4732713],[-80.5389971,43.4731545],[-80.538973,43.473121],[-80.5389589,43.4731017],[-80.5389981,43.4730867]]]}},{"type":"Feature","id":167411346,"properties":{"osm_id":167411346,"name":"Environment 3","code":"EV3","alt_code":null,"height_m":12,"levels":4,"campus":true},"geometry":{"type":"Polygon","coordinates":[[[-80.5435228,43.4680705],[-80.5435536,43.4681152],[-80.5436427,43.4682446],[-80.5432508,43.4683867],[-80.5431685,43.468267],[-80.5432272,43.4682458],[-80.5432102,43.4682211],[-80.5431943,43.4681979],[-80.543178,43.4682038],[-80.5431733,43.4681971],[-80.5430878,43.4680728],[-80.54298,43.4679161],[-80.5429244,43.4678354],[-80.5429152,43.467822],[-80.5428812,43.4677726],[-80.5429204,43.4677584],[-80.5429544,43.4678078],[-80.543259,43.4676977],[-80.543268,43.4677109],[-80.5435228,43.4680705]]]}},{"type":"Feature","id":170097693,"properties":{"osm_id":170097693,"name":"innoTECH Building","code":null,"alt_code":null,"height_m":10.5,"levels":3,"campus":false},"geometry":{"type":"Polygon","coordinates":[[[-80.5472607,43.4782778],[-80.5481525,43.4779589],[-80.5479357,43.477638],[-80.5470465,43.4779519],[-80.5472607,43.4782778]]]}},{"type":"Feature","id":170098019,"properties":{"osm_id":170098019,"name":null,"code":null,"alt_code":null,"height_m":12,"levels":null,"campus":false},"geometry":{"type":"Polygon","coordinates":[[[-80.5510609,43.4688729],[-80.5511559,43.468593],[-80.5514009,43.4686369],[-80.5513812,43.4686949],[-80.5512487,43.4686712],[-80.5512333,43.4687164],[-80.5513603,43.4687392],[-80.5513499,43.4687698],[-80.5512181,43.4687463],[-80.5512085,43.4687746],[-80.551333,43.4687969],[-80.5513229,43.4688266],[-80.5511854,43.4688021],[-80.5511743,43.4688349],[-80.55134,43.4688645],[-80.5513213,43.4689195],[-80.5510609,43.4688729]]]}},{"type":"Feature","id":170098020,"properties":{"osm_id":170098020,"name":null,"code":null,"alt_code":null,"height_m":12,"levels":null,"campus":false},"geometry":{"type":"Polygon","coordinates":[[[-80.5512297,43.4685104],[-80.5510737,43.468355],[-80.5513376,43.4682156],[-80.5513757,43.4682536],[-80.5516294,43.4681195],[-80.5517852,43.4682749],[-80.5517169,43.468311],[-80.5516326,43.468227],[-80.5516012,43.4682436],[-80.5516859,43.4683281],[-80.551617,43.4683645],[-80.5515188,43.4682665],[-80.5514756,43.4682893],[-80.5515562,43.4683697],[-80.551509,43.4683946],[-80.5514112,43.4682971],[-80.5513849,43.4683109],[-80.5514728,43.4683985],[-80.5514124,43.4684304],[-80.5513184,43.4683366],[-80.5512918,43.4683506],[-80.5513734,43.468432],[-80.551317,43.4684618],[-80.5512219,43.468367],[-80.551199,43.4683791],[-80.5512957,43.4684756],[-80.5512297,43.4685104]]]}},{"type":"Feature","id":170098021,"properties":{"osm_id":170098021,"name":"RIM 21 (Columbia Place)","code":null,"alt_code":null,"height_m":12,"levels":null,"campus":false},"geometry":{"type":"Polygon","coordinates":[[[-80.5387533,43.4778555],[-80.5393454,43.477648],[-80.5392036,43.4774349],[-80.5386115,43.4776423],[-80.5387533,43.4778555]]]}},{"type":"Feature","id":170098028,"properties":{"osm_id":170098028,"name":null,"code":null,"alt_code":null,"height_m":12,"levels":null,"campus":false},"geometry":{"type":"Polygon","coordinates":[[[-80.5508585,43.4687211],[-80.5507685,43.4687229],[-80.5507679,43.4687054],[-80.5506711,43.4687073],[-80.5506708,43.4686985],[-80.5505713,43.4687005],[-80.5505707,43.4686849],[-80.5504798,43.4686867],[-80.5504789,43.4686642],[-80.5503769,43.4686662],[-80.5503765,43.4686555],[-80.5502852,43.4686573],[-80.5502846,43.4686424],[-80.5501642,43.4686448],[-80.5501653,43.468675],[-80.5499725,43.468679],[-80.5499752,43.4687502],[-80.5500663,43.4687483],[-80.5500689,43.4688177],[-80.5501347,43.4688164],[-80.5501327,43.4687645],[-80.5501672,43.4687638],[-80.5501704,43.4688471],[-80.5502357,43.4688458],[-80.5502315,43.4687353],[-80.5502811,43.4687343],[-80.5502833,43.4687923],[-80.5502565,43.4687928],[-80.5502592,43.4688629],[-80.5503428,43.4688613],[-80.5503405,43.4688002],[-80.5503196,43.4688006],[-80.5503178,43.4687528],[-80.5503678,43.4687518],[-80.5503719,43.4688599],[-80.5504337,43.4688587],[-80.5504304,43.4687713],[-80.5504703,43.4687705],[-80.5504721,43.468818],[-80.5504618,43.4688182],[-80.5504644,43.4688874],[-80.5505468,43.4688858],[-80.5505441,43.468814],[-80.5505288,43.4688143],[-80.550527,43.4687686],[-80.5505699,43.4687677],[-80.550575,43.4689036],[-80.5506181,43.4689028],[-80.5506133,43.4687764],[-80.5506645,43.4687754],[-80.5506667,43.4688335],[-80.5506506,43.4688339],[-80.5506535,43.4689119],[-80.5507357,43.4689103],[-80.5507333,43.4688475],[-80.5507286,43.4688476],[-80.5507267,43.4687968],[-80.5507593,43.4687962],[-80.5507637,43.468913],[-80.550856,43.4689112],[-80.5508532,43.4688392],[-80.5508094,43.46884],[-80.550808,43.4688029],[-80.5508616,43.4688019],[-80.5508585,43.4687211]]]}},{"type":"Feature","id":181220347,"properties":{"osm_id":181220347,"name":null,"code":null,"alt_code":null,"height_m":17.5,"levels":5,"campus":false},"geometry":{"type":"Polygon","coordinates":[[[-80.5370008,43.47759],[-80.5371579,43.4778091],[-80.5373895,43.4777217],[-80.5372324,43.4775026],[-80.5370008,43.47759]]]}},{"type":"Feature","id":182091547,"properties":{"osm_id":182091547,"name":"Mike & Ophelia Lazaridis Quantum Nano Centre","code":"QNC","alt_code":null,"height_m":24.5,"levels":7,"campus":true},"geometry":{"type":"Polygon","coordinates":[[[-80.5448971,43.4712199],[-80.5448011,43.4710808],[-80.5446432,43.4711382],[-80.5446143,43.4711488],[-80.5445023,43.4711895],[-80.5444851,43.4711646],[-80.5442864,43.4708768],[-80.5441136,43.4709396],[-80.5440792,43.4708911],[-80.5440416,43.4709047],[-80.5440201,43.4708723],[-80.5439345,43.4709035],[-80.5439558,43.4709343],[-80.5435512,43.4710812],[-80.5435328,43.4710879],[-80.5435166,43.4710939],[-80.5435091,43.4710966],[-80.5435004,43.4710995],[-80.5435619,43.4711886],[-80.5437079,43.4714],[-80.5436783,43.4714103],[-80.5437564,43.4715276],[-80.5438266,43.4715034],[-80.5438812,43.4715794],[-80.5439002,43.4715726],[-80.5439068,43.4715702],[-80.5439128,43.4715681],[-80.5439279,43.4715631],[-80.5440186,43.4715331],[-80.5440452,43.4715717],[-80.5440832,43.4715578],[-80.5445086,43.4714032],[-80.5445273,43.4713964],[-80.5445751,43.471379],[-80.5447272,43.4713237],[-80.544732,43.471322],[-80.5447607,43.4713115],[-80.5447375,43.4712779],[-80.5448971,43.4712199]]]}},{"type":"Feature","id":182920244,"properties":{"osm_id":182920244,"name":null,"code":null,"alt_code":null,"height_m":12,"levels":null,"campus":false},"geometry":{"type":"Polygon","coordinates":[[[-80.5410259,43.4705181],[-80.5409809,43.4705344],[-80.540956,43.4705435],[-80.5409614,43.4705513],[-80.5409851,43.4705856],[-80.5410116,43.470576],[-80.541055,43.4705603],[-80.5410259,43.4705181]]]}},{"type":"Feature","id":182921021,"properties":{"osm_id":182921021,"name":null,"code":null,"alt_code":null,"height_m":12,"levels":null,"campus":false},"geometry":{"type":"Polygon","coordinates":[[[-80.5441298,43.4725703],[-80.5440874,43.4725054],[-80.544024,43.4725272],[-80.5440663,43.4725921],[-80.5441298,43.4725703]]]}},{"type":"Feature","id":182922400,"properties":{"osm_id":182922400,"name":"East 3","code":null,"alt_code":null,"height_m":14,"levels":4,"campus":false},"geometry":{"type":"Polygon","coordinates":[[[-80.5485911,43.4717185],[-80.5486148,43.4717105],[-80.5486628,43.4716932],[-80.5487434,43.471803],[-80.5487643,43.4717959],[-80.5488028,43.4718553],[-80.5486786,43.4718977],[-80.5486912,43.4719171],[-80.5486495,43.4719314],[-80.5486788,43.4719766],[-80.5486636,43.4719817],[-80.5486353,43.4719382],[-80.5485885,43.4719542],[-80.5485298,43.4718636],[-80.54845,43.4718908],[-80.5484219,43.4718474],[-80.5484828,43.4718266],[-80.548466,43.4718006],[-80.548612,43.4717507],[-80.5485911,43.4717185]]]}},{"type":"Feature","id":182922401,"properties":{"osm_id":182922401,"name":"North 6","code":null,"alt_code":null,"height_m":14,"levels":4,"campus":false},"geometry":{"type":"Polygon","coordinates":[[[-80.5494766,43.4721831],[-80.5494676,43.4721715],[-80.5495033,43.4721581],[-80.5494274,43.4720515],[-80.5494602,43.4720392],[-80.5494255,43.4719905],[-80.5494704,43.4719737],[-80.5495191,43.472042],[-80.5496411,43.4719962],[-80.5496527,43.4720204],[-80.5496706,43.4720447],[-80.5496827,43.4720547],[-80.5496505,43.4720668],[-80.549712,43.4721531],[-80.5496715,43.4721683],[-80.5496586,43.4721502],[-80.5494965,43.472211],[-80.5494766,43.4721831]]]}},{"type":"Feature","id":182922402,"properties":{"osm_id":182922402,"name":null,"code":null,"alt_code":null,"height_m":14,"levels":4,"campus":false},"geometry":{"type":"Polygon","coordinates":[[[-80.5501337,43.4722027],[-80.5501514,43.472196],[-80.5501552,43.4722016],[-80.5501751,43.4722309],[-80.5501563,43.4722379],[-80.5501337,43.4722027]]]}},{"type":"Feature","id":182922403,"properties":{"osm_id":182922403,"name":null,"code":null,"alt_code":null,"height_m":14,"levels":4,"campus":false},"geometry":{"type":"Polygon","coordinates":[[[-80.5494204,43.4722039],[-80.5494115,43.4721924],[-80.5494387,43.4721823],[-80.5494676,43.4721715],[-80.5494766,43.4721831],[-80.5494204,43.4722039]]]}},{"type":"Feature","id":182922404,"properties":{"osm_id":182922404,"name":"East 6","code":null,"alt_code":null,"height_m":14,"levels":4,"campus":false},"geometry":{"type":"Polygon","coordinates":[[[-80.5491706,43.4714912],[-80.5491534,43.4714706],[-80.5491357,43.4714434],[-80.5492564,43.471397],[-80.5492219,43.4713498],[-80.5492754,43.4713292],[-80.5493038,43.4713681],[-80.5493397,43.4713543],[-80.5493989,43.4714353],[-80.5494201,43.4714272],[-80.5495014,43.4713966],[-80.549519,43.4714225],[-80.5495342,43.4714438],[-80.5494546,43.4714724],[-80.5494673,43.4714918],[-80.5493217,43.4715478],[-80.5493357,43.471567],[-80.5492903,43.4715844],[-80.5492103,43.4714751],[-80.5491706,43.4714912]]]}},{"type":"Feature","id":182922405,"properties":{"osm_id":182922405,"name":null,"code":null,"alt_code":null,"height_m":14,"levels":4,"campus":false},"geometry":{"type":"Polygon","coordinates":[[[-80.5501598,43.4723639],[-80.5501479,43.4723674],[-80.5501157,43.4723769],[-80.5501417,43.4724162],[-80.5501017,43.4724295],[-80.550096,43.4724314],[-80.5501059,43.4724449],[-80.5501678,43.472422],[-80.5501443,43.4723896],[-80.5501716,43.4723801],[-80.5501598,43.4723639]]]}},{"type":"Feature","id":182922406,"properties":{"osm_id":182922406,"name":null,"code":null,"alt_code":null,"height_m":14,"levels":4,"campus":false},"geometry":{"type":"Polygon","coordinates":[[[-80.550153,43.4720441],[-80.5501277,43.4720019],[-80.550155,43.4719933],[-80.550074,43.4718654],[-80.5501247,43.471847],[-80.5502269,43.4720207],[-80.550153,43.4720441]]]}},{"type":"Feature","id":182922407,"properties":{"osm_id":182922407,"name":"East 4","code":null,"alt_code":null,"height_m":14,"levels":4,"campus":false},"geometry":{"type":"Polygon","coordinates":[[[-80.5485892,43.4716721],[-80.548566,43.4716799],[-80.5485311,43.4716918],[-80.5484673,43.4715934],[-80.5483901,43.4716198],[-80.5483714,43.471591],[-80.5484245,43.4715729],[-80.5484031,43.4715399],[-80.5485544,43.4714882],[-80.5485365,43.4714604],[-80.5485882,43.4714427],[-80.5486484,43.4715355],[-80.5486629,43.4715305],[-80.5486765,43.4715497],[-80.548694,43.4715764],[-80.5487055,43.4715962],[-80.5485699,43.4716425],[-80.5485855,43.4716665],[-80.5485873,43.4716692],[-80.5485892,43.4716721]]]}},{"type":"Feature","id":182922408,"properties":{"osm_id":182922408,"name":null,"code":null,"alt_code":null,"height_m":14,"levels":4,"campus":false},"geometry":{"type":"Polygon","coordinates":[[[-80.5486765,43.4715497],[-80.5487793,43.471513],[-80.5487993,43.4715404],[-80.548694,43.4715764],[-80.5486765,43.4715497]]]}},{"type":"Feature","id":182922409,"properties":{"osm_id":182922409,"name":null,"code":null,"alt_code":null,"height_m":14,"levels":4,"campus":false},"geometry":{"type":"Polygon","coordinates":[[[-80.549742,43.4724753],[-80.5497927,43.4724566],[-80.549805,43.4724733],[-80.549754,43.4724921],[-80.549742,43.4724753]]]}},{"type":"Feature","id":182922411,"properties":{"osm_id":182922411,"name":"North 4","code":null,"alt_code":null,"height_m":14,"levels":4,"campus":false},"geometry":{"type":"Polygon","coordinates":[[[-80.549754,43.4724921],[-80.5497754,43.4725226],[-80.5496468,43.4725701],[-80.5496905,43.4726325],[-80.549638,43.4726519],[-80.5496057,43.4726058],[-80.5495707,43.4726187],[-80.5495063,43.4725267],[-80.5494756,43.472538],[-80.5494657,43.4725239],[-80.5493777,43.4725538],[-80.549362,43.4725328],[-80.5494346,43.4725089],[-80.5494529,43.4725029],[-80.5494319,43.4724755],[-80.5496339,43.4724011],[-80.5496974,43.4724918],[-80.5497359,43.4724776],[-80.549742,43.4724753],[-80.549754,43.4724921]]]}},{"type":"Feature","id":182922415,"properties":{"osm_id":182922415,"name":"East 1","code":null,"alt_code":null,"height_m":14,"levels":4,"campus":false},"geometry":{"type":"Polygon","coordinates":[[[-80.5492246,43.4717759],[-80.5492327,43.4717735],[-80.5493066,43.4718809],[-80.549337,43.4718699],[-80.549373,43.4719221],[-80.5494414,43.4718973],[-80.5493959,43.4718312],[-80.5495064,43.4717911],[-80.5494941,43.4717724],[-80.549481,43.4717549],[-80.5494671,43.4717337],[-80.5494278,43.4717478],[-80.5493709,43.4716641],[-80.5493323,43.4716779],[-80.5493464,43.4716987],[-80.5492055,43.4717492],[-80.5492132,43.4717614],[-80.5492246,43.4717759]]]}},{"type":"Feature","id":182922416,"properties":{"osm_id":182922416,"name":null,"code":null,"alt_code":null,"height_m":14,"levels":4,"campus":false},"geometry":{"type":"Polygon","coordinates":[[[-80.5485911,43.4717185],[-80.548566,43.4716799],[-80.5485892,43.4716721],[-80.5486148,43.4717105],[-80.5485911,43.4717185]]]}},{"type":"Feature","id":182922417,"properties":{"osm_id":182922417,"name":"North 3","code":null,"alt_code":null,"height_m":14,"levels":4,"campus":false},"geometry":{"type":"Polygon","coordinates":[[[-80.5497927,43.4724566],[-80.5497721,43.4724272],[-80.549933,43.4723679],[-80.5499226,43.4723531],[-80.5499613,43.4723389],[-80.5500233,43.4724274],[-80.5500492,43.4724178],[-80.5500664,43.4724423],[-80.550096,43.4724314],[-80.5501059,43.4724449],[-80.5501245,43.4724744],[-80.5499841,43.4725262],[-80.5500238,43.4725828],[-80.5499741,43.4726011],[-80.5499405,43.4725531],[-80.5499065,43.4725657],[-80.5498435,43.4724757],[-80.5498343,43.4724625],[-80.5498246,43.4724661],[-80.549805,43.4724733],[-80.5497927,43.4724566]]]}},{"type":"Feature","id":182922418,"properties":{"osm_id":182922418,"name":"North 2","code":null,"alt_code":null,"height_m":14,"levels":4,"campus":false},"geometry":{"type":"Polygon","coordinates":[[[-80.5501788,43.4723904],[-80.5501716,43.4723801],[-80.5501598,43.4723639],[-80.55015,43.4723494],[-80.5501734,43.4723422],[-80.5501118,43.4722543],[-80.5501563,43.4722379],[-80.5501751,43.4722309],[-80.5501779,43.4722299],[-80.5501886,43.4722451],[-80.5503296,43.4721931],[-80.5503454,43.4722156],[-80.5503137,43.4722273],[-80.5504029,43.4723548],[-80.5503667,43.4723682],[-80.5503981,43.4724131],[-80.5503491,43.4724312],[-80.5503113,43.4723772],[-80.5502001,43.4724182],[-80.5501788,43.4723904]]]}},{"type":"Feature","id":182922419,"properties":{"osm_id":182922419,"name":null,"code":null,"alt_code":null,"height_m":14,"levels":4,"campus":false},"geometry":{"type":"Polygon","coordinates":[[[-80.5491706,43.4714912],[-80.5490689,43.4715357],[-80.5490518,43.4715151],[-80.5491534,43.4714706],[-80.5491706,43.4714912]]]}},{"type":"Feature","id":182922420,"properties":{"osm_id":182922420,"name":null,"code":null,"alt_code":null,"height_m":14,"levels":4,"campus":false},"geometry":{"type":"Polygon","coordinates":[[[-80.5492132,43.4717614],[-80.5491309,43.4717935],[-80.5491391,43.4718074],[-80.5492246,43.4717759],[-80.5492132,43.4717614]]]}},{"type":"Feature","id":182922421,"properties":{"osm_id":182922421,"name":"North 1","code":null,"alt_code":null,"height_m":14,"levels":4,"campus":false},"geometry":{"type":"Polygon","coordinates":[[[-80.5501514,43.472196],[-80.5501337,43.4722027],[-80.5501097,43.4721691],[-80.5499611,43.472222],[-80.5499465,43.4722004],[-80.549893,43.4722194],[-80.5498724,43.4721889],[-80.5499431,43.4721637],[-80.5498765,43.4720654],[-80.5499371,43.4720438],[-80.5499514,43.472065],[-80.5501277,43.4720019],[-80.550153,43.4720441],[-80.5501604,43.4720512],[-80.5501487,43.4720553],[-80.5501383,43.472059],[-80.5501506,43.4720773],[-80.5501339,43.4720833],[-80.5501988,43.4721791],[-80.5501514,43.472196]]]}},{"type":"Feature","id":188703119,"properties":{"osm_id":188703119,"name":"Centre for Environmental and Information Technology","code":"EIT","alt_code":null,"height_m":21,"levels":6,"campus":true},"geometry":{"type":"Polygon","coordinates":[[[-80.5424001,43.4711484],[-80.542332,43.4711732],[-80.5422559,43.4710633],[-80.5421775,43.4710919],[-80.5421314,43.4711087],[-80.5421171,43.4711139],[-80.5420118,43.4711523],[-80.542076,43.4712452],[-80.5420235,43.4712646],[-80.5419184,43.4713028],[-80.5418332,43.4713338],[-80.5417841,43.4713516],[-80.5417281,43.4713719],[-80.5416359,43.4714054],[-80.5416064,43.4714163],[-80.5415683,43.4714303],[-80.5416948,43.4716128],[-80.5417128,43.4716062],[-80.5417328,43.471599],[-80.5417999,43.4716953],[-80.5419383,43.4718939],[-80.5421862,43.4718035],[-80.5425033,43.4716879],[-80.5423854,43.4715194],[-80.5423469,43.4714638],[-80.5422974,43.4713924],[-80.5422062,43.4712607],[-80.542221,43.4712553],[-80.542286,43.4712316],[-80.5422938,43.4712428],[-80.5424309,43.4711928],[-80.5424228,43.4711811],[-80.5424001,43.4711484]]]}},{"type":"Feature","id":191973443,"properties":{"osm_id":191973443,"name":null,"code":null,"alt_code":null,"height_m":24.5,"levels":7,"campus":false},"geometry":{"type":"Polygon","coordinates":[[[-80.5369467,43.4761185],[-80.5367522,43.4761941],[-80.5370409,43.4765853],[-80.5372354,43.4765097],[-80.5369467,43.4761185]]]}},{"type":"Feature","id":202840540,"properties":{"osm_id":202840540,"name":null,"code":null,"alt_code":null,"height_m":12,"levels":null,"campus":false},"geometry":{"type":"Polygon","coordinates":[[[-80.5347568,43.4732452],[-80.5345451,43.4733213],[-80.5347956,43.4736883],[-80.5350073,43.4736122],[-80.5347568,43.4732452]]]}},{"type":"Feature","id":204014203,"properties":{"osm_id":204014203,"name":null,"code":null,"alt_code":null,"height_m":12,"levels":null,"campus":false},"geometry":{"type":"Polygon","coordinates":[[[-80.5348495,43.4737338],[-80.5349741,43.4739182],[-80.5352094,43.4738345],[-80.5350848,43.4736501],[-80.5348495,43.4737338]]]}},{"type":"Feature","id":204014205,"properties":{"osm_id":204014205,"name":null,"code":null,"alt_code":null,"height_m":12,"levels":null,"campus":false},"geometry":{"type":"Polygon","coordinates":[[[-80.5350614,43.4739485],[-80.5351042,43.4740078],[-80.5351937,43.4739738],[-80.5352144,43.4740025],[-80.5353272,43.4739596],[-80.5352637,43.4738716],[-80.5350614,43.4739485]]]}},{"type":"Feature","id":204014207,"properties":{"osm_id":204014207,"name":null,"code":null,"alt_code":null,"height_m":12,"levels":null,"campus":false},"geometry":{"type":"Polygon","coordinates":[[[-80.5351372,43.4740999],[-80.5351829,43.4741665],[-80.5353954,43.4740897],[-80.5353497,43.4740231],[-80.5351372,43.4740999]]]}},{"type":"Feature","id":204014209,"properties":{"osm_id":204014209,"name":null,"code":null,"alt_code":null,"height_m":12,"levels":null,"campus":false},"geometry":{"type":"Polygon","coordinates":[[[-80.5352494,43.4742483],[-80.5353611,43.4744029],[-80.535667,43.4742865],[-80.5355552,43.4741319],[-80.5352494,43.4742483]]]}},{"type":"Feature","id":204014212,"properties":{"osm_id":204014212,"name":null,"code":null,"alt_code":null,"height_m":12,"levels":null,"campus":false},"geometry":{"type":"Polygon","coordinates":[[[-80.5355855,43.474702],[-80.535707,43.4748726],[-80.535983,43.474769],[-80.5358615,43.4745985],[-80.5355855,43.474702]]]}},{"type":"Feature","id":219954652,"properties":{"osm_id":219954652,"name":null,"code":null,"alt_code":null,"height_m":7,"levels":2,"campus":false},"geometry":{"type":"Polygon","coordinates":[[[-80.5350512,43.4746497],[-80.5349263,43.4746952],[-80.5348632,43.4746041],[-80.5349882,43.4745586],[-80.5350512,43.4746497]]]}},{"type":"Feature","id":219954661,"properties":{"osm_id":219954661,"name":null,"code":null,"alt_code":null,"height_m":12,"levels":null,"campus":false},"geometry":{"type":"Polygon","coordinates":[[[-80.5355894,43.4746582],[-80.5355393,43.4745817],[-80.5356955,43.4745279],[-80.5357456,43.4746044],[-80.5355894,43.4746582]]]}},{"type":"Feature","id":219954662,"properties":{"osm_id":219954662,"name":null,"code":null,"alt_code":null,"height_m":12,"levels":null,"campus":false},"geometry":{"type":"Polygon","coordinates":[[[-80.5357082,43.4744599],[-80.5354602,43.4745518],[-80.5354089,43.4744788],[-80.5356569,43.4743869],[-80.5357082,43.4744599]]]}},{"type":"Feature","id":219954666,"properties":{"osm_id":219954666,"name":null,"code":null,"alt_code":null,"height_m":12,"levels":null,"campus":false},"geometry":{"type":"Polygon","coordinates":[[[-80.5358396,43.4750363],[-80.5357844,43.4749587],[-80.5360933,43.474843],[-80.5361484,43.4749205],[-80.5358396,43.4750363]]]}},{"type":"Feature","id":219955600,"properties":{"osm_id":219955600,"name":null,"code":null,"alt_code":null,"height_m":7,"levels":2,"campus":false},"geometry":{"type":"Polygon","coordinates":[[[-80.5356186,43.4762079],[-80.5355691,43.4761422],[-80.5357121,43.4760854],[-80.5357616,43.4761511],[-80.5356186,43.4762079]]]}},{"type":"Feature","id":219955601,"properties":{"osm_id":219955601,"name":null,"code":null,"alt_code":null,"height_m":7,"levels":2,"campus":false},"geometry":{"type":"Polygon","coordinates":[[[-80.535576,43.476231],[-80.5354561,43.4762773],[-80.5354016,43.4762029],[-80.5355215,43.4761567],[-80.535576,43.476231]]]}},{"type":"Feature","id":219955602,"properties":{"osm_id":219955602,"name":null,"code":null,"alt_code":null,"height_m":7,"levels":2,"campus":false},"geometry":{"type":"Polygon","coordinates":[[[-80.5354081,43.4763115],[-80.5352149,43.4763839],[-80.5351581,43.4763041],[-80.5353037,43.4762495],[-80.5353107,43.4762593],[-80.5353582,43.4762415],[-80.5354081,43.4763115]]]}},{"type":"Feature","id":219956312,"properties":{"osm_id":219956312,"name":null,"code":null,"alt_code":null,"height_m":7,"levels":2,"campus":false},"geometry":{"type":"Polygon","coordinates":[[[-80.5351573,43.4764256],[-80.5349891,43.4764899],[-80.5349127,43.4763848],[-80.5349975,43.4763524],[-80.5350147,43.4763761],[-80.5350981,43.4763441],[-80.5351573,43.4764256]]]}},{"type":"Feature","id":219956318,"properties":{"osm_id":219956318,"name":null,"code":null,"alt_code":null,"height_m":12,"levels":null,"campus":false},"geometry":{"type":"Polygon","coordinates":[[[-80.535412,43.4772762],[-80.5353345,43.4771718],[-80.5352334,43.4772113],[-80.5352549,43.4772402],[-80.5351727,43.4772724],[-80.5352287,43.4773478],[-80.535412,43.4772762]]]}},{"type":"Feature","id":219956321,"properties":{"osm_id":219956321,"name":null,"code":null,"alt_code":null,"height_m":12,"levels":null,"campus":false},"geometry":{"type":"Polygon","coordinates":[[[-80.5353844,43.4774368],[-80.5353136,43.4773335],[-80.5354251,43.4772933],[-80.5354959,43.4773965],[-80.5353844,43.4774368]]]}},{"type":"Feature","id":219956322,"properties":{"osm_id":219956322,"name":null,"code":null,"alt_code":null,"height_m":12,"levels":null,"campus":false},"geometry":{"type":"Polygon","coordinates":[[[-80.535835,43.4768193],[-80.535665,43.4767255],[-80.5357585,43.4766363],[-80.5358036,43.4766612],[-80.5358227,43.476643],[-80.5359138,43.4766932],[-80.5358947,43.4767114],[-80.5359285,43.4767301],[-80.535835,43.4768193]]]}},{"type":"Feature","id":219956323,"properties":{"osm_id":219956323,"name":null,"code":null,"alt_code":null,"height_m":12,"levels":null,"campus":false},"geometry":{"type":"Polygon","coordinates":[[[-80.536044,43.4769098],[-80.5359401,43.4769429],[-80.5359167,43.4769042],[-80.5358797,43.476916],[-80.5358333,43.4768394],[-80.5359742,43.4767945],[-80.536044,43.4769098]]]}},{"type":"Feature","id":219956324,"properties":{"osm_id":219956324,"name":null,"code":null,"alt_code":null,"height_m":12,"levels":null,"campus":false},"geometry":{"type":"Polygon","coordinates":[[[-80.5360016,43.4770841],[-80.5358988,43.4771123],[-80.5358407,43.4770007],[-80.5359434,43.4769725],[-80.5360016,43.4770841]]]}},{"type":"Feature","id":219956325,"properties":{"osm_id":219956325,"name":null,"code":null,"alt_code":null,"height_m":12,"levels":null,"campus":false},"geometry":{"type":"Polygon","coordinates":[[[-80.5355852,43.4775213],[-80.5355156,43.4774228],[-80.5354146,43.4774603],[-80.5354843,43.4775589],[-80.5355852,43.4775213]]]}},{"type":"Feature","id":219956329,"properties":{"osm_id":219956329,"name":null,"code":null,"alt_code":null,"height_m":12,"levels":null,"campus":false},"geometry":{"type":"Polygon","coordinates":[[[-80.5365683,43.476704],[-80.5364192,43.4767548],[-80.5363583,43.4766608],[-80.5365075,43.4766099],[-80.5365683,43.476704]]]}},{"type":"Feature","id":219956330,"properties":{"osm_id":219956330,"name":null,"code":null,"alt_code":null,"height_m":12,"levels":null,"campus":false},"geometry":{"type":"Polygon","coordinates":[[[-80.536538,43.476882],[-80.5364664,43.4767797],[-80.5365964,43.4767318],[-80.5366422,43.4767972],[-80.5366116,43.4768085],[-80.5366374,43.4768454],[-80.536538,43.476882]]]}},{"type":"Feature","id":219956331,"properties":{"osm_id":219956331,"name":null,"code":null,"alt_code":null,"height_m":12,"levels":null,"campus":false},"geometry":{"type":"Polygon","coordinates":[[[-80.5366276,43.4770221],[-80.5365651,43.4769277],[-80.536721,43.4768734],[-80.5367835,43.4769678],[-80.5366276,43.4770221]]]}},{"type":"Feature","id":219956332,"properties":{"osm_id":219956332,"name":null,"code":null,"alt_code":null,"height_m":12,"levels":null,"campus":false},"geometry":{"type":"Polygon","coordinates":[[[-80.5368665,43.4770942],[-80.5367924,43.4769828],[-80.5366398,43.4770363],[-80.5366891,43.4771103],[-80.536754,43.4770876],[-80.5367789,43.477125],[-80.5368665,43.4770942]]]}},{"type":"Feature","id":219956333,"properties":{"osm_id":219956333,"name":null,"code":null,"alt_code":null,"height_m":12,"levels":null,"campus":false},"geometry":{"type":"Polygon","coordinates":[[[-80.5368338,43.4772654],[-80.5367597,43.4771466],[-80.5368825,43.4771062],[-80.5369231,43.4771712],[-80.5368984,43.4771794],[-80.536932,43.4772331],[-80.5368338,43.4772654]]]}},{"type":"Feature","id":219960301,"properties":{"osm_id":219960301,"name":null,"code":null,"alt_code":null,"height_m":12,"levels":null,"campus":false},"geometry":{"type":"Polygon","coordinates":[[[-80.5379045,43.477503],[-80.5378532,43.4774318],[-80.538005,43.4773699],[-80.538061,43.4774437],[-80.5379045,43.477503]]]}},{"type":"Feature","id":219960302,"properties":{"osm_id":219960302,"name":null,"code":null,"alt_code":null,"height_m":12,"levels":null,"campus":false},"geometry":{"type":"Polygon","coordinates":[[[-80.5377179,43.4775712],[-80.537853,43.4775169],[-80.5377717,43.4774105],[-80.5376844,43.4774456],[-80.5377178,43.4774893],[-80.53767,43.4775085],[-80.5377179,43.4775712]]]}},{"type":"Feature","id":219960303,"properties":{"osm_id":219960303,"name":null,"code":null,"alt_code":null,"height_m":12,"levels":null,"campus":false},"geometry":{"type":"Polygon","coordinates":[[[-80.5375025,43.4772862],[-80.5378143,43.4771792],[-80.5378674,43.4772604],[-80.5375542,43.4773671],[-80.5375025,43.4772862]]]}},{"type":"Feature","id":219960304,"properties":{"osm_id":219960304,"name":null,"code":null,"alt_code":null,"height_m":12,"levels":null,"campus":false},"geometry":{"type":"Polygon","coordinates":[[[-80.5377217,43.4770592],[-80.5374579,43.4771585],[-80.5374869,43.4771992],[-80.5374969,43.4771982],[-80.5375172,43.4772271],[-80.5377732,43.4771313],[-80.5377217,43.4770592]]]}},{"type":"Feature","id":219960305,"properties":{"osm_id":219960305,"name":null,"code":null,"alt_code":null,"height_m":21,"levels":6,"campus":false},"geometry":{"type":"Polygon","coordinates":[[[-80.5376702,43.4769753],[-80.5375533,43.4768122],[-80.5372575,43.4769239],[-80.5373744,43.477087],[-80.5376702,43.4769753]]]}},{"type":"Feature","id":219960306,"properties":{"osm_id":219960306,"name":null,"code":null,"alt_code":null,"height_m":12,"levels":null,"campus":false},"geometry":{"type":"Polygon","coordinates":[[[-80.5375018,43.4767694],[-80.5374419,43.4766897],[-80.5371475,43.4768061],[-80.5372074,43.4768858],[-80.5375018,43.4767694]]]}},{"type":"Feature","id":219960307,"properties":{"osm_id":219960307,"name":null,"code":null,"alt_code":null,"height_m":12,"levels":null,"campus":false},"geometry":{"type":"Polygon","coordinates":[[[-80.5370548,43.4766995],[-80.5373562,43.4765898],[-80.5373999,43.4766531],[-80.5370985,43.4767627],[-80.5370548,43.4766995]]]}},{"type":"Feature","id":219960308,"properties":{"osm_id":219960308,"name":null,"code":null,"alt_code":null,"height_m":12,"levels":null,"campus":false},"geometry":{"type":"Polygon","coordinates":[[[-80.5370384,43.4773419],[-80.5369729,43.4772472],[-80.5368507,43.4772917],[-80.5368735,43.4773246],[-80.5367817,43.477358],[-80.5368244,43.4774198],[-80.5370384,43.4773419]]]}},{"type":"Feature","id":219960309,"properties":{"osm_id":219960309,"name":null,"code":null,"alt_code":null,"height_m":12,"levels":null,"campus":false},"geometry":{"type":"Polygon","coordinates":[[[-80.5371295,43.4774622],[-80.5370726,43.4773844],[-80.5369783,43.4774207],[-80.5369558,43.47739],[-80.5368558,43.4774285],[-80.5368881,43.4774726],[-80.5369415,43.4774521],[-80.5369885,43.4775164],[-80.5371295,43.4774622]]]}},{"type":"Feature","id":219960310,"properties":{"osm_id":219960310,"name":null,"code":null,"alt_code":null,"height_m":12,"levels":null,"campus":false},"geometry":{"type":"Polygon","coordinates":[[[-80.5367275,43.4777857],[-80.5368181,43.4777508],[-80.536896,43.4778573],[-80.536757,43.4779109],[-80.5367143,43.4778525],[-80.5367628,43.4778338],[-80.5367275,43.4777857]]]}},{"type":"Feature","id":219960311,"properties":{"osm_id":219960311,"name":null,"code":null,"alt_code":null,"height_m":12,"levels":null,"campus":false},"geometry":{"type":"Polygon","coordinates":[[[-80.5367305,43.4779155],[-80.5366493,43.4778033],[-80.5365525,43.4778402],[-80.5365898,43.4778918],[-80.5365499,43.477907],[-80.5365938,43.4779676],[-80.5367305,43.4779155]]]}},{"type":"Feature","id":219960312,"properties":{"osm_id":219960312,"name":null,"code":null,"alt_code":null,"height_m":12,"levels":null,"campus":false},"geometry":{"type":"Polygon","coordinates":[[[-80.5365733,43.4779829],[-80.5364603,43.4778345],[-80.5363801,43.4778666],[-80.5364932,43.4780151],[-80.5365733,43.4779829]]]}},{"type":"Feature","id":219960314,"properties":{"osm_id":219960314,"name":null,"code":null,"alt_code":null,"height_m":12,"levels":null,"campus":false},"geometry":{"type":"Polygon","coordinates":[[[-80.5355169,43.4775854],[-80.5356227,43.4775446],[-80.5356981,43.4776474],[-80.5355554,43.4777025],[-80.5355163,43.4776492],[-80.5355532,43.4776349],[-80.5355169,43.4775854]]]}},{"type":"Feature","id":219960316,"properties":{"osm_id":219960316,"name":null,"code":null,"alt_code":null,"height_m":12,"levels":null,"campus":false},"geometry":{"type":"Polygon","coordinates":[[[-80.5359198,43.4771575],[-80.5360283,43.477118],[-80.5361296,43.4772648],[-80.53605,43.4772937],[-80.5360142,43.477242],[-80.5359854,43.4772524],[-80.5359198,43.4771575]]]}},{"type":"Feature","id":219960317,"properties":{"osm_id":219960317,"name":null,"code":null,"alt_code":null,"height_m":12,"levels":null,"campus":false},"geometry":{"type":"Polygon","coordinates":[[[-80.5361213,43.477493],[-80.536058,43.4773956],[-80.5362018,43.4773463],[-80.536254,43.4774267],[-80.5361701,43.4774555],[-80.5361811,43.4774725],[-80.5361213,43.477493]]]}},{"type":"Feature","id":219960318,"properties":{"osm_id":219960318,"name":null,"code":null,"alt_code":null,"height_m":12,"levels":null,"campus":false},"geometry":{"type":"Polygon","coordinates":[[[-80.5361749,43.4775255],[-80.5363225,43.4774725],[-80.536392,43.4775744],[-80.5363007,43.4776072],[-80.5362787,43.477575],[-80.5362224,43.4775952],[-80.5361749,43.4775255]]]}},{"type":"Feature","id":219960319,"properties":{"osm_id":219960319,"name":null,"code":null,"alt_code":null,"height_m":12,"levels":null,"campus":false},"geometry":{"type":"Polygon","coordinates":[[[-80.5362156,43.477626],[-80.5362743,43.4776087],[-80.5363018,43.4776345],[-80.5364184,43.4775914],[-80.5364628,43.4776562],[-80.536482,43.4776497],[-80.5365217,43.4777028],[-80.5364352,43.4777357],[-80.5364087,43.4776982],[-80.5362997,43.4777327],[-80.5362156,43.477626]]]}},{"type":"Feature","id":219960320,"properties":{"osm_id":219960320,"name":null,"code":null,"alt_code":null,"height_m":12,"levels":null,"campus":false},"geometry":{"type":"Polygon","coordinates":[[[-80.5355287,43.47774],[-80.5356345,43.4776998],[-80.5356532,43.4777299],[-80.5357383,43.4776991],[-80.5357907,43.477778],[-80.5356147,43.477834],[-80.5355712,43.4777687],[-80.5355534,43.4777744],[-80.5355287,43.47774]]]}},{"type":"Feature","id":219960321,"properties":{"osm_id":219960321,"name":null,"code":null,"alt_code":null,"height_m":12,"levels":null,"campus":false},"geometry":{"type":"Polygon","coordinates":[[[-80.5358638,43.4778964],[-80.53574,43.4779384],[-80.5356819,43.4778483],[-80.5358057,43.4778063],[-80.5358638,43.4778964]]]}},{"type":"Feature","id":219960322,"properties":{"osm_id":219960322,"name":null,"code":null,"alt_code":null,"height_m":12,"levels":null,"campus":false},"geometry":{"type":"Polygon","coordinates":[[[-80.5358667,43.4781039],[-80.5357681,43.4779657],[-80.5358613,43.4779307],[-80.53596,43.4780688],[-80.5358667,43.4781039]]]}},{"type":"Feature","id":219960324,"properties":{"osm_id":219960324,"name":null,"code":null,"alt_code":null,"height_m":12,"levels":null,"campus":false},"geometry":{"type":"Polygon","coordinates":[[[-80.5352113,43.4779645],[-80.5351254,43.4778389],[-80.5350152,43.4778786],[-80.5351012,43.4780042],[-80.5352113,43.4779645]]]}},{"type":"Feature","id":219960325,"properties":{"osm_id":219960325,"name":null,"code":null,"alt_code":null,"height_m":12,"levels":null,"campus":false},"geometry":{"type":"Polygon","coordinates":[[[-80.5351313,43.4780205],[-80.5352404,43.4779794],[-80.5353159,43.478085],[-80.5351816,43.4781356],[-80.5351365,43.4780725],[-80.5351617,43.478063],[-80.5351313,43.4780205]]]}},{"type":"Feature","id":219960328,"properties":{"osm_id":219960328,"name":null,"code":null,"alt_code":null,"height_m":12,"levels":null,"campus":false},"geometry":{"type":"Polygon","coordinates":[[[-80.5349809,43.4778484],[-80.5351162,43.4777881],[-80.53501,43.4776626],[-80.534883,43.4777192],[-80.5349198,43.4777626],[-80.534948,43.47775],[-80.5349825,43.4777908],[-80.5349459,43.4778071],[-80.5349809,43.4778484]]]}},{"type":"Feature","id":221151708,"properties":{"osm_id":221151708,"name":null,"code":null,"alt_code":null,"height_m":12,"levels":null,"campus":false},"geometry":{"type":"Polygon","coordinates":[[[-80.5506586,43.4682496],[-80.5505817,43.4681366],[-80.5507242,43.4680856],[-80.5508011,43.4681985],[-80.5506586,43.4682496]]]}},{"type":"Feature","id":221151709,"properties":{"osm_id":221151709,"name":null,"code":null,"alt_code":null,"height_m":12,"levels":null,"campus":false},"geometry":{"type":"Polygon","coordinates":[[[-80.5507684,43.4680652],[-80.5508554,43.4681922],[-80.5509147,43.4681708],[-80.5509068,43.4681594],[-80.5509881,43.46813],[-80.5508994,43.4680005],[-80.5508409,43.4680216],[-80.5508505,43.4680356],[-80.5507684,43.4680652]]]}},{"type":"Feature","id":221151710,"properties":{"osm_id":221151710,"name":null,"code":null,"alt_code":null,"height_m":12,"levels":null,"campus":false},"geometry":{"type":"Polygon","coordinates":[[[-80.5510276,43.4681176],[-80.550947,43.4679921],[-80.5510257,43.4679654],[-80.5510119,43.4679438],[-80.5510878,43.4679181],[-80.5511827,43.4680658],[-80.5511444,43.4680787],[-80.5511506,43.4680885],[-80.5510837,43.4681111],[-80.5510771,43.4681008],[-80.5510276,43.4681176]]]}},{"type":"Feature","id":221151711,"properties":{"osm_id":221151711,"name":null,"code":null,"alt_code":null,"height_m":12,"levels":null,"campus":false},"geometry":{"type":"Polygon","coordinates":[[[-80.5511728,43.4679203],[-80.5512412,43.4680241],[-80.5513649,43.4679812],[-80.5512837,43.467858],[-80.5512081,43.4678843],[-80.5512209,43.4679036],[-80.5511728,43.4679203]]]}},{"type":"Feature","id":221151712,"properties":{"osm_id":221151712,"name":null,"code":null,"alt_code":null,"height_m":12,"levels":null,"campus":false},"geometry":{"type":"Polygon","coordinates":[[[-80.5513079,43.467847],[-80.5514081,43.4679963],[-80.5515466,43.4679473],[-80.5514614,43.4678204],[-80.5513963,43.4678434],[-80.5513813,43.467821],[-80.5513079,43.467847]]]}},{"type":"Feature","id":222365343,"properties":{"osm_id":222365343,"name":null,"code":null,"alt_code":null,"height_m":12,"levels":null,"campus":false},"geometry":{"type":"Polygon","coordinates":[[[-80.5449892,43.4651899],[-80.5447643,43.4650718],[-80.5448521,43.4649837],[-80.545077,43.4651018],[-80.5449892,43.4651899]]]}},{"type":"Feature","id":222365344,"properties":{"osm_id":222365344,"name":null,"code":null,"alt_code":null,"height_m":12,"levels":null,"campus":false},"geometry":{"type":"Polygon","coordinates":[[[-80.5446173,43.4651455],[-80.5444273,43.46507],[-80.54446,43.4650267],[-80.5444792,43.4650344],[-80.5444984,43.4650089],[-80.5445622,43.4650343],[-80.5445746,43.465018],[-80.5446814,43.4650604],[-80.5446173,43.4651455]]]}},{"type":"Feature","id":222365345,"properties":{"osm_id":222365345,"name":null,"code":null,"alt_code":null,"height_m":12,"levels":null,"campus":false},"geometry":{"type":"Polygon","coordinates":[[[-80.5442729,43.4650123],[-80.5441654,43.464885],[-80.5442939,43.4648278],[-80.5444014,43.464955],[-80.5442729,43.4650123]]]}},{"type":"Feature","id":225744931,"properties":{"osm_id":225744931,"name":null,"code":null,"alt_code":null,"height_m":12,"levels":null,"campus":false},"geometry":{"type":"Polygon","coordinates":[[[-80.5517813,43.4651765],[-80.5517884,43.4649816],[-80.5518837,43.4649834],[-80.5518804,43.4650724],[-80.5519147,43.465073],[-80.5519108,43.465179],[-80.5517813,43.4651765]]]}},{"type":"Feature","id":225744935,"properties":{"osm_id":225744935,"name":null,"code":null,"alt_code":null,"height_m":7,"levels":2,"campus":false},"geometry":{"type":"Polygon","coordinates":[[[-80.5504516,43.4650018],[-80.5504751,43.4649067],[-80.550699,43.464936],[-80.5506755,43.465031],[-80.5504516,43.4650018]]]}},{"type":"Feature","id":225744944,"properties":{"osm_id":225744944,"name":null,"code":null,"alt_code":null,"height_m":12,"levels":null,"campus":false},"geometry":{"type":"Polygon","coordinates":[[[-80.5484477,43.4649186],[-80.548343,43.4650697],[-80.5484705,43.4651163],[-80.5485753,43.4649651],[-80.5484477,43.4649186]]]}},{"type":"Feature","id":225744945,"properties":{"osm_id":225744945,"name":null,"code":null,"alt_code":null,"height_m":12,"levels":null,"campus":false},"geometry":{"type":"Polygon","coordinates":[[[-80.5487058,43.465136],[-80.5487388,43.4650711],[-80.5488346,43.4650969],[-80.548863,43.4650412],[-80.5489878,43.4650747],[-80.5489506,43.4651478],[-80.5488884,43.4651311],[-80.5488643,43.4651785],[-80.5487058,43.465136]]]}},{"type":"Feature","id":225744946,"properties":{"osm_id":225744946,"name":null,"code":null,"alt_code":null,"height_m":12,"levels":null,"campus":false},"geometry":{"type":"Polygon","coordinates":[[[-80.549026,43.4652134],[-80.5490815,43.4650507],[-80.5493491,43.4650987],[-80.5493161,43.4651954],[-80.5491443,43.4651645],[-80.5491218,43.4652306],[-80.549026,43.4652134]]]}},{"type":"Feature","id":225744947,"properties":{"osm_id":225744947,"name":null,"code":null,"alt_code":null,"height_m":12,"levels":null,"campus":false},"geometry":{"type":"Polygon","coordinates":[[[-80.5493913,43.4651439],[-80.5493621,43.465224],[-80.5493966,43.4652306],[-80.5493825,43.4652694],[-80.5494687,43.4652859],[-80.5494765,43.4652644],[-80.5496238,43.4652926],[-80.5496592,43.4651952],[-80.5493913,43.4651439]]]}},{"type":"Feature","id":225744948,"properties":{"osm_id":225744948,"name":null,"code":null,"alt_code":null,"height_m":12,"levels":null,"campus":false},"geometry":{"type":"Polygon","coordinates":[[[-80.5499159,43.4654011],[-80.5499604,43.4652762],[-80.5498776,43.4652607],[-80.5498855,43.4652386],[-80.5498055,43.4652236],[-80.5497964,43.4652491],[-80.549733,43.4652372],[-80.5496897,43.4653586],[-80.5499159,43.4654011]]]}},{"type":"Feature","id":225744949,"properties":{"osm_id":225744949,"name":null,"code":null,"alt_code":null,"height_m":12,"levels":null,"campus":false},"geometry":{"type":"Polygon","coordinates":[[[-80.5500465,43.4653096],[-80.5503296,43.4653648],[-80.5502961,43.4654555],[-80.5502061,43.4654379],[-80.5502002,43.4654539],[-80.5501039,43.4654351],[-80.5501113,43.4654151],[-80.5500144,43.4653962],[-80.5500465,43.4653096]]]}},{"type":"Feature","id":225744950,"properties":{"osm_id":225744950,"name":null,"code":null,"alt_code":null,"height_m":12,"levels":null,"campus":false},"geometry":{"type":"Polygon","coordinates":[[[-80.5504824,43.4656599],[-80.5504155,43.4655655],[-80.5506591,43.4654746],[-80.550726,43.4655691],[-80.5504824,43.4656599]]]}},{"type":"Feature","id":225744951,"properties":{"osm_id":225744951,"name":null,"code":null,"alt_code":null,"height_m":12,"levels":null,"campus":false},"geometry":{"type":"Polygon","coordinates":[[[-80.5507811,43.4655338],[-80.5507211,43.4654451],[-80.5509461,43.465365],[-80.551006,43.4654536],[-80.5507811,43.4655338]]]}},{"type":"Feature","id":225744952,"properties":{"osm_id":225744952,"name":null,"code":null,"alt_code":null,"height_m":12,"levels":null,"campus":false},"geometry":{"type":"Polygon","coordinates":[[[-80.5516395,43.4652451],[-80.5515826,43.4651643],[-80.5513529,43.4652494],[-80.5513986,43.4653143],[-80.5514715,43.4652873],[-80.5514827,43.4653032],[-80.5516395,43.4652451]]]}},{"type":"Feature","id":225744953,"properties":{"osm_id":225744953,"name":null,"code":null,"alt_code":null,"height_m":12,"levels":null,"campus":false},"geometry":{"type":"Polygon","coordinates":[[[-80.5513212,43.4653386],[-80.551263,43.4652518],[-80.5511425,43.4652944],[-80.5511305,43.4652765],[-80.5510178,43.4653163],[-80.551088,43.465421],[-80.5513212,43.4653386]]]}},{"type":"Feature","id":225744958,"properties":{"osm_id":225744958,"name":null,"code":null,"alt_code":null,"height_m":12,"levels":null,"campus":false},"geometry":{"type":"Polygon","coordinates":[[[-80.5510869,43.4660132],[-80.5510195,43.4659174],[-80.5512696,43.4658247],[-80.551337,43.4659205],[-80.5510869,43.4660132]]]}},{"type":"Feature","id":225744959,"properties":{"osm_id":225744959,"name":null,"code":null,"alt_code":null,"height_m":12,"levels":null,"campus":false},"geometry":{"type":"Polygon","coordinates":[[[-80.5514313,43.4657589],[-80.5516235,43.4656845],[-80.5517092,43.465801],[-80.551517,43.4658755],[-80.5514313,43.4657589]]]}},{"type":"Feature","id":268467672,"properties":{"osm_id":268467672,"name":null,"code":null,"alt_code":null,"height_m":12,"levels":null,"campus":false},"geometry":{"type":"Polygon","coordinates":[[[-80.5456518,43.4740003],[-80.5455393,43.4740398],[-80.5455527,43.4740709],[-80.54566,43.4740475],[-80.5456729,43.4740299],[-80.5456518,43.4740003]]]}},{"type":"Feature","id":270412928,"properties":{"osm_id":270412928,"name":"Mackenzie King Village","code":null,"alt_code":null,"height_m":12,"levels":null,"campus":false},"geometry":{"type":"Polygon","coordinates":[[[-80.5527137,43.4711447],[-80.5527208,43.4711541],[-80.5527326,43.4711821],[-80.55277,43.4711799],[-80.5527669,43.4711436],[-80.5527758,43.4711292],[-80.5527861,43.4711219],[-80.5528793,43.4711078],[-80.5529158,43.4711037],[-80.5529128,43.4710828],[-80.5529104,43.4710653],[-80.5529094,43.4710587],[-80.5528961,43.4710597],[-80.5528001,43.4710737],[-80.5527968,43.4710586],[-80.5526259,43.4710724],[-80.5526021,43.4710743],[-80.5525978,43.4710835],[-80.5523576,43.4710919],[-80.5523569,43.4710788],[-80.552231,43.4710783],[-80.55212,43.4710967],[-80.5521108,43.4711133],[-80.5520498,43.4711163],[-80.5520082,43.4711184],[-80.5519637,43.4711206],[-80.5519199,43.471148],[-80.5519494,43.4711918],[-80.551972,43.4711838],[-80.5519838,43.4712014],[-80.5519664,43.4712076],[-80.5520519,43.4712206],[-80.5521454,43.4712105],[-80.5523722,43.4711951],[-80.5523723,43.4711711],[-80.5524501,43.4711677],[-80.5525352,43.4711606],[-80.5525337,43.4711482],[-80.5525511,43.4711423],[-80.552561,43.471139],[-80.5525665,43.4711362],[-80.5525846,43.4711341],[-80.5526213,43.471131],[-80.552644,43.4711321],[-80.5526778,43.4711359],[-80.5527063,43.4711397],[-80.5527137,43.4711447]]]}},{"type":"Feature","id":293219222,"properties":{"osm_id":293219222,"name":"West 1","code":null,"alt_code":null,"height_m":12,"levels":null,"campus":false},"geometry":{"type":"Polygon","coordinates":[[[-80.5507415,43.4714267],[-80.5507527,43.471443],[-80.550745,43.4714458],[-80.5507585,43.4714657],[-80.5507679,43.4714623],[-80.5507888,43.471493],[-80.5507763,43.4714975],[-80.5507917,43.4715199],[-80.5508236,43.4715722],[-80.5508274,43.4715782],[-80.55078,43.4715955],[-80.5507767,43.4715907],[-80.5507502,43.4716003],[-80.5507924,43.4716621],[-80.5507478,43.4716782],[-80.5507173,43.4716336],[-80.5506786,43.4716475],[-80.5506681,43.4716323],[-80.5506765,43.4716293],[-80.550663,43.4716095],[-80.5506542,43.4716127],[-80.5506311,43.4715789],[-80.550638,43.4715764],[-80.5506254,43.4715579],[-80.5505984,43.4715676],[-80.550589,43.4715537],[-80.5505604,43.471564],[-80.5505469,43.4715442],[-80.5505664,43.4715371],[-80.5505464,43.4715078],[-80.5505709,43.471499],[-80.5505765,43.4715073],[-80.5506002,43.4714988],[-80.5505965,43.4714934],[-80.5506425,43.4714768],[-80.5506466,43.4714829],[-80.5506718,43.4714738],[-80.5506679,43.471468],[-80.5506911,43.4714596],[-80.5506946,43.4714648],[-80.550714,43.4714578],[-80.5507024,43.4714408],[-80.5507415,43.4714267]]]}},{"type":"Feature","id":293219225,"properties":{"osm_id":293219225,"name":"West 3","code":null,"alt_code":null,"height_m":10.5,"levels":3,"campus":false},"geometry":{"type":"Polygon","coordinates":[[[-80.5513069,43.4716946],[-80.5513958,43.4716615],[-80.5514086,43.4716797],[-80.5515235,43.471637],[-80.5515451,43.4716677],[-80.5515182,43.4716777],[-80.5516009,43.4717948],[-80.5515651,43.4718081],[-80.5515995,43.4718568],[-80.5515397,43.471879],[-80.551497,43.4718185],[-80.5513838,43.4718606],[-80.5513649,43.4718339],[-80.5513547,43.471815],[-80.5513842,43.471804],[-80.5513193,43.4717122],[-80.5513069,43.4716946]]]}},{"type":"Feature","id":293219226,"properties":{"osm_id":293219226,"name":"West 4","code":null,"alt_code":null,"height_m":10.5,"levels":3,"campus":false},"geometry":{"type":"Polygon","coordinates":[[[-80.551328,43.4720274],[-80.5512716,43.4720484],[-80.5512308,43.4719907],[-80.5511152,43.4720336],[-80.5510848,43.4719905],[-80.5510554,43.4720015],[-80.5510324,43.4719825],[-80.5511039,43.4719559],[-80.5510443,43.4718714],[-80.551094,43.4718529],[-80.5511088,43.4718739],[-80.5512665,43.4718153],[-80.5512846,43.471841],[-80.5513042,43.4718565],[-80.5512619,43.4718722],[-80.5513322,43.4719719],[-80.5512978,43.4719847],[-80.551328,43.4720274]]]}},{"type":"Feature","id":293219227,"properties":{"osm_id":293219227,"name":"West 5","code":null,"alt_code":null,"height_m":10.5,"levels":3,"campus":false},"geometry":{"type":"Polygon","coordinates":[[[-80.5510013,43.4720216],[-80.5509832,43.4720007],[-80.5509566,43.471963],[-80.5508195,43.472014],[-80.5508029,43.4719905],[-80.5507723,43.4720034],[-80.5507442,43.4720152],[-80.5508092,43.4721072],[-80.5507226,43.4721394],[-80.5507492,43.472177],[-80.5508174,43.4721516],[-80.5508313,43.4721713],[-80.5509808,43.4721157],[-80.5509936,43.4721338],[-80.5510444,43.4721149],[-80.5509832,43.4720283],[-80.5510013,43.4720216]]]}},{"type":"Feature","id":293219228,"properties":{"osm_id":293219228,"name":"West 6","code":null,"alt_code":null,"height_m":10.5,"levels":3,"campus":false},"geometry":{"type":"Polygon","coordinates":[[[-80.5508071,43.471931],[-80.5507394,43.4719568],[-80.550721,43.4719307],[-80.550584,43.4719817],[-80.5505643,43.4719538],[-80.5505057,43.4719756],[-80.5504828,43.4719431],[-80.5505614,43.4719139],[-80.5504999,43.4718269],[-80.5505716,43.4718002],[-80.5505766,43.4718072],[-80.5505867,43.4718216],[-80.5507001,43.4717795],[-80.5508071,43.471931]]]}},{"type":"Feature","id":293225023,"properties":{"osm_id":293225023,"name":"South 1","code":null,"alt_code":null,"height_m":12,"levels":null,"campus":false},"geometry":{"type":"Polygon","coordinates":[[[-80.5498717,43.4710193],[-80.5499058,43.471007],[-80.5499463,43.470993],[-80.5500009,43.4710762],[-80.5500815,43.471051],[-80.5501024,43.4710799],[-80.5500407,43.4711012],[-80.5500594,43.4711297],[-80.5499483,43.4711681],[-80.5499674,43.4711974],[-80.5499418,43.4712062],[-80.5499826,43.4712685],[-80.5499739,43.4712715],[-80.5499435,43.4712822],[-80.549903,43.4712216],[-80.5498827,43.4712288],[-80.5498078,43.4711168],[-80.5497779,43.4711273],[-80.5497449,43.4710779],[-80.5498793,43.4710306],[-80.5498717,43.4710193]]]}},{"type":"Feature","id":293225024,"properties":{"osm_id":293225024,"name":"South 2","code":null,"alt_code":null,"height_m":12,"levels":null,"campus":false},"geometry":{"type":"Polygon","coordinates":[[[-80.549845,43.4709759],[-80.5498794,43.4709669],[-80.5498685,43.4709509],[-80.5500258,43.4708946],[-80.5500054,43.4708604],[-80.5499566,43.4708763],[-80.5499009,43.4707863],[-80.5498634,43.4707985],[-80.5498341,43.4707511],[-80.5497662,43.4707731],[-80.5498055,43.4708368],[-80.5496919,43.4708737],[-80.5497215,43.4709217],[-80.5497561,43.4709105],[-80.5498045,43.470989],[-80.549845,43.4709759]]]}},{"type":"Feature","id":293225025,"properties":{"osm_id":293225025,"name":"South 3","code":null,"alt_code":null,"height_m":12,"levels":null,"campus":false},"geometry":{"type":"Polygon","coordinates":[[[-80.5501055,43.4708275],[-80.5500929,43.4708112],[-80.5500906,43.470803],[-80.5500527,43.4707531],[-80.550078,43.4707439],[-80.5500202,43.4706605],[-80.5500522,43.4706488],[-80.5500226,43.4706061],[-80.5500761,43.4705865],[-80.5501175,43.4706461],[-80.5502178,43.4706094],[-80.5502635,43.4706778],[-80.5502733,43.470695],[-80.5503246,43.4707695],[-80.5502548,43.4707933],[-80.5502458,43.4707795],[-80.5501055,43.4708275]]]}},{"type":"Feature","id":293225026,"properties":{"osm_id":293225026,"name":"South 4","code":null,"alt_code":null,"height_m":12,"levels":null,"campus":false},"geometry":{"type":"Polygon","coordinates":[[[-80.5502894,43.4706903],[-80.5502791,43.4706729],[-80.5503652,43.4706459],[-80.5503502,43.4706202],[-80.5504009,43.4706004],[-80.5504252,43.4705914],[-80.5503844,43.470536],[-80.5504292,43.4705156],[-80.5504636,43.470563],[-80.5505023,43.4705489],[-80.5505142,43.4705655],[-80.5504997,43.4705711],[-80.5505113,43.4705887],[-80.5505264,43.4705839],[-80.550551,43.4706165],[-80.550536,43.4706234],[-80.5505481,43.4706416],[-80.5505659,43.4706348],[-80.550579,43.4706518],[-80.5505635,43.4706577],[-80.5505735,43.4706698],[-80.550616,43.4706554],[-80.5506429,43.4706875],[-80.5506168,43.4706962],[-80.5506093,43.4706858],[-80.5505861,43.4706938],[-80.5505902,43.4707057],[-80.5505209,43.4707294],[-80.5505269,43.4707413],[-80.5505054,43.47075],[-80.5505217,43.4707748],[-80.5505493,43.4707651],[-80.5505635,43.4707854],[-80.5505,43.4708092],[-80.5504867,43.4707852],[-80.550506,43.4707794],[-80.5504875,43.4707549],[-80.5504429,43.4707705],[-80.5504316,43.4707516],[-80.550445,43.4707467],[-80.550432,43.4707267],[-80.5504164,43.4707321],[-80.5503934,43.4706996],[-80.5504077,43.4706932],[-80.550383,43.4706592],[-80.5503492,43.4706704],[-80.5502894,43.4706903]]]}},{"type":"Feature","id":293225027,"properties":{"osm_id":293225027,"name":"South 5","code":null,"alt_code":null,"height_m":12,"levels":null,"campus":false},"geometry":{"type":"Polygon","coordinates":[[[-80.5506148,43.470891],[-80.5505711,43.4708342],[-80.5505999,43.4708228],[-80.5506424,43.4708811],[-80.5506631,43.4708757],[-80.5506757,43.4708943],[-80.5507029,43.4708851],[-80.5506995,43.4708753],[-80.5507454,43.4708598],[-80.5507519,43.4708695],[-80.5507761,43.4708613],[-80.5507695,43.4708534],[-80.5507954,43.470843],[-80.5508186,43.4708733],[-80.5507766,43.4708898],[-80.550785,43.4709016],[-80.5507954,43.4708968],[-80.5508093,43.4709156],[-80.5507988,43.470919],[-80.5508093,43.4709357],[-80.5508191,43.4709316],[-80.5508431,43.4709673],[-80.550835,43.4709737],[-80.5508435,43.4709896],[-80.5508559,43.4709841],[-80.5508697,43.4710024],[-80.5508343,43.4710159],[-80.5508642,43.4710605],[-80.5508145,43.4710779],[-80.5507768,43.4710212],[-80.5506569,43.4710643],[-80.5506362,43.471033],[-80.5506284,43.471021],[-80.5506519,43.4710117],[-80.5506398,43.4709951],[-80.5506534,43.4709892],[-80.5506395,43.4709731],[-80.5506268,43.4709757],[-80.5506058,43.4709419],[-80.5506199,43.4709378],[-80.5506055,43.4709182],[-80.5505924,43.4709229],[-80.5505797,43.470903],[-80.5506148,43.470891]]]}},{"type":"Feature","id":293225028,"properties":{"osm_id":293225028,"name":"South 6","code":null,"alt_code":null,"height_m":12,"levels":null,"campus":false},"geometry":{"type":"Polygon","coordinates":[[[-80.5505447,43.4712563],[-80.550599,43.4712372],[-80.5505688,43.4711916],[-80.5506031,43.4711809],[-80.5505898,43.4711588],[-80.5505787,43.471164],[-80.5505687,43.4711487],[-80.5505805,43.4711427],[-80.550555,43.4711063],[-80.5505433,43.4711101],[-80.550533,43.4710949],[-80.5505429,43.4710894],[-80.5505298,43.4710718],[-80.5505494,43.4710485],[-80.5505296,43.4710174],[-80.5505049,43.4710257],[-80.5505116,43.4710347],[-80.5504824,43.4710433],[-80.5504768,43.4710338],[-80.5504325,43.4710494],[-80.5504395,43.4710588],[-80.5504116,43.4710667],[-80.5504055,43.4710601],[-80.5503845,43.4710674],[-80.5503882,43.4710755],[-80.5503715,43.4710812],[-80.5503599,43.4710641],[-80.5503181,43.4710789],[-80.5503261,43.4710966],[-80.5503379,43.4710925],[-80.5503517,43.4711107],[-80.5503406,43.4711166],[-80.550362,43.471148],[-80.5503733,43.4711453],[-80.5503869,43.4711634],[-80.55036,43.4711733],[-80.5503726,43.4711915],[-80.5503883,43.4712376],[-80.5504029,43.4712326],[-80.550413,43.4712291],[-80.5504088,43.4712216],[-80.5504313,43.4712137],[-80.550437,43.471222],[-80.5504825,43.4712058],[-80.5504783,43.4711985],[-80.5505065,43.4711892],[-80.5505447,43.4712563]]]}},{"type":"Feature","id":294030019,"properties":{"osm_id":294030019,"name":null,"code":null,"alt_code":null,"height_m":12,"levels":null,"campus":false},"geometry":{"type":"Polygon","coordinates":[[[-80.5505469,43.4715442],[-80.5505328,43.4715492],[-80.5505246,43.4715373],[-80.5505305,43.4715352],[-80.5504702,43.4714468],[-80.5504386,43.4714582],[-80.5505411,43.4716083],[-80.5505809,43.4715939],[-80.5505604,43.471564],[-80.5505469,43.4715442]]]}},{"type":"Feature","id":294030020,"properties":{"osm_id":294030020,"name":null,"code":null,"alt_code":null,"height_m":12,"levels":null,"campus":false},"geometry":{"type":"Polygon","coordinates":[[[-80.5503726,43.4711915],[-80.5503883,43.4712376],[-80.5503665,43.4712087],[-80.5503346,43.4712205],[-80.5503567,43.4712535],[-80.5503285,43.4712629],[-80.5502973,43.4712167],[-80.5503284,43.4712056],[-80.5503631,43.4711945],[-80.5503726,43.4711915]]]}},{"type":"Feature","id":294030021,"properties":{"osm_id":294030021,"name":null,"code":null,"alt_code":null,"height_m":12,"levels":null,"campus":false},"geometry":{"type":"Polygon","coordinates":[[[-80.5499739,43.4712715],[-80.5500048,43.4713122],[-80.5499761,43.4713248],[-80.5499435,43.4712822],[-80.5499739,43.4712715]]]}},{"type":"Feature","id":294269724,"properties":{"osm_id":294269724,"name":null,"code":null,"alt_code":null,"height_m":12,"levels":null,"campus":false},"geometry":{"type":"Polygon","coordinates":[[[-80.5496706,43.4720447],[-80.5497314,43.4720211],[-80.5497058,43.4719864],[-80.5497489,43.4719697],[-80.5497168,43.4719261],[-80.5496563,43.471952],[-80.5496596,43.4719582],[-80.549685,43.4720027],[-80.5496766,43.4720073],[-80.5496527,43.4720204],[-80.5496706,43.4720447]]]}},{"type":"Feature","id":294269725,"properties":{"osm_id":294269725,"name":null,"code":null,"alt_code":null,"height_m":12,"levels":null,"campus":false},"geometry":{"type":"Polygon","coordinates":[[[-80.5494941,43.4717724],[-80.5495146,43.4717643],[-80.54956,43.4717464],[-80.5495933,43.4717333],[-80.5495802,43.4717158],[-80.549508,43.4717442],[-80.549481,43.4717549],[-80.5494941,43.4717724]]]}},{"type":"Feature","id":306589233,"properties":{"osm_id":306589233,"name":null,"code":null,"alt_code":null,"height_m":7,"levels":2,"campus":false},"geometry":{"type":"Polygon","coordinates":[[[-80.5509133,43.4771155],[-80.5515918,43.4768741],[-80.5516212,43.4769177],[-80.5517006,43.4768894],[-80.5518502,43.4771107],[-80.5520457,43.4770412],[-80.5523901,43.4775508],[-80.5523182,43.4775764],[-80.5523435,43.477614],[-80.5514619,43.4779276],[-80.5509133,43.4771155]]]}},{"type":"Feature","id":306589249,"properties":{"osm_id":306589249,"name":"OpenText Building 2","code":null,"alt_code":null,"height_m":17.5,"levels":5,"campus":false},"geometry":{"type":"Polygon","coordinates":[[[-80.5519643,43.47694],[-80.5524058,43.4768329],[-80.5523535,43.4767319],[-80.5523408,43.4766677],[-80.55232,43.4766056],[-80.5522774,43.4765206],[-80.5522187,43.4764512],[-80.5521728,43.4763438],[-80.5517363,43.4764568],[-80.5517802,43.4765533],[-80.5517962,43.4766356],[-80.5518309,43.4767179],[-80.5518683,43.4767807],[-80.5519191,43.4768416],[-80.5519643,43.47694]]]}},{"type":"Feature","id":350394201,"properties":{"osm_id":350394201,"name":"General Services Complex","code":"GSC","alt_code":null,"height_m":7,"levels":2,"campus":true},"geometry":{"type":"Polygon","coordinates":[[[-80.5435569,43.4734064],[-80.5433669,43.4731308],[-80.542519,43.4734387],[-80.5425598,43.4734978],[-80.5425684,43.4735103],[-80.5421485,43.4736627],[-80.5424091,43.4740408],[-80.5428392,43.4738846],[-80.5426834,43.4736587],[-80.543212,43.4734667],[-80.5433644,43.4736878],[-80.5434833,43.4736446],[-80.5435724,43.4736123],[-80.5436735,43.4735755],[-80.5435569,43.4734064]]]}},{"type":"Feature","id":350394202,"properties":{"osm_id":350394202,"name":"South 7","code":null,"alt_code":null,"height_m":14,"levels":4,"campus":false},"geometry":{"type":"Polygon","coordinates":[[[-80.5513671,43.4708234],[-80.5513456,43.4708301],[-80.5513413,43.4708245],[-80.5513156,43.4708331],[-80.5513185,43.4708398],[-80.551274,43.4708562],[-80.5512685,43.4708481],[-80.5512401,43.4708592],[-80.551247,43.4708682],[-80.5512225,43.4708765],[-80.5512025,43.4708466],[-80.5512244,43.4708384],[-80.5512135,43.4708245],[-80.5512042,43.4708281],[-80.5511939,43.470812],[-80.5512033,43.4708081],[-80.5511912,43.470789],[-80.5511795,43.4707933],[-80.5511558,43.4707596],[-80.5511686,43.4707558],[-80.5511559,43.4707344],[-80.5511451,43.4707367],[-80.5511352,43.4707216],[-80.5511695,43.4707099],[-80.55116,43.4706926],[-80.5511302,43.4706507],[-80.5511545,43.4706404],[-80.5511855,43.4706837],[-80.5511983,43.4707089],[-80.5512211,43.4707024],[-80.5512363,43.4707244],[-80.5512578,43.4707174],[-80.5512524,43.4707083],[-80.551299,43.4706915],[-80.5513054,43.4707002],[-80.5513289,43.4706923],[-80.5513249,43.4706827],[-80.5513464,43.4706754],[-80.5513684,43.4707011],[-80.5514299,43.4706786],[-80.5514522,43.4707156],[-80.5513718,43.4707419],[-80.5513799,43.4707599],[-80.5513906,43.4707551],[-80.551417,43.4707926],[-80.5514061,43.470797],[-80.5514175,43.4708146],[-80.5514294,43.4708103],[-80.5514403,43.4708286],[-80.5513997,43.4708421],[-80.5513671,43.4708234]]]}},{"type":"Feature","id":350394203,"properties":{"osm_id":350394203,"name":null,"code":null,"alt_code":null,"height_m":14,"levels":4,"campus":false},"geometry":{"type":"Polygon","coordinates":[[[-80.5514342,43.4708956],[-80.5514192,43.4709015],[-80.5513671,43.4708234],[-80.5513997,43.4708421],[-80.5514342,43.4708956]]]}},{"type":"Feature","id":368656349,"properties":{"osm_id":368656349,"name":"Bright Starts Co-operative Early Learning Centre","code":null,"alt_code":null,"height_m":3.5,"levels":1,"campus":true},"geometry":{"type":"Polygon","coordinates":[[[-80.5453301,43.4770773],[-80.5453417,43.477093],[-80.5453761,43.4770802],[-80.5453655,43.4770653],[-80.5454342,43.47704],[-80.5453122,43.4768753],[-80.545244,43.4769013],[-80.5452323,43.4768857],[-80.545209,43.4768946],[-80.5452023,43.4768971],[-80.545214,43.4769127],[-80.5449836,43.4769979],[-80.544914,43.4768994],[-80.5445601,43.4770239],[-80.5445497,43.4770091],[-80.5445178,43.4770201],[-80.5445279,43.4770356],[-80.5444586,43.4770607],[-80.5445034,43.4771266],[-80.5444506,43.4771458],[-80.544526,43.4772584],[-80.5449161,43.4771199],[-80.5449454,43.4771602],[-80.5449588,43.4771553],[-80.5449903,43.4771996],[-80.5453301,43.4770773]]]}},{"type":"Feature","id":370204260,"properties":{"osm_id":370204260,"name":"Science Teaching Complex","code":"STC","alt_code":null,"height_m":17.5,"levels":5,"campus":true},"geometry":{"type":"Polygon","coordinates":[[[-80.5439661,43.4705458],[-80.5439844,43.4705725],[-80.5440748,43.4705397],[-80.5440526,43.4705086],[-80.5440333,43.4704816],[-80.5439808,43.4705018],[-80.5439669,43.4704791],[-80.5439573,43.4704681],[-80.5439008,43.4704868],[-80.5438699,43.4704441],[-80.5438595,43.4704298],[-80.5437129,43.4704158],[-80.5437168,43.4703973],[-80.5437264,43.470352],[-80.5437373,43.4703001],[-80.543744,43.4702684],[-80.5437246,43.4702664],[-80.5437061,43.4702644],[-80.5436995,43.4702951],[-80.5436881,43.4703474],[-80.5436784,43.4703926],[-80.5436743,43.4704115],[-80.5433096,43.4703759],[-80.5432699,43.4703902],[-80.5432602,43.470394],[-80.5432453,43.4703728],[-80.5431284,43.4704146],[-80.5431082,43.4703865],[-80.5430909,43.4703631],[-80.5430156,43.4703914],[-80.5430244,43.4704042],[-80.5429849,43.4704189],[-80.5429543,43.4704306],[-80.5429201,43.4704437],[-80.5429705,43.4705158],[-80.5431895,43.4708308],[-80.5434456,43.4707363],[-80.5434524,43.4707448],[-80.5434953,43.4707283],[-80.5434906,43.4707205],[-80.5435509,43.4706981],[-80.543557,43.4707059],[-80.5436002,43.4706899],[-80.5435955,43.4706816],[-80.5436565,43.4706592],[-80.5436622,43.470667],[-80.5437048,43.4706519],[-80.5436998,43.4706434],[-80.5437608,43.4706205],[-80.5437668,43.4706288],[-80.5438091,43.4706127],[-80.5438031,43.4706049],[-80.5439661,43.4705458]]]}},{"type":"Feature","id":382726586,"properties":{"osm_id":382726586,"name":"Applied Health Sciences Expansion Building","code":"AHS","alt_code":null,"height_m":12,"levels":null,"campus":true},"geometry":{"type":"Polygon","coordinates":[[[-80.5461816,43.4738077],[-80.5462273,43.4737913],[-80.5462497,43.4737833],[-80.5466272,43.4736477],[-80.5464051,43.4733286],[-80.5462907,43.4733705],[-80.5461806,43.4734109],[-80.5460917,43.4732902],[-80.546085,43.4732812],[-80.5460655,43.4732888],[-80.546048,43.4732649],[-80.5459171,43.4733156],[-80.5458968,43.4733229],[-80.5458753,43.4733308],[-80.5458456,43.4733412],[-80.5458704,43.4733768],[-80.5458449,43.4733877],[-80.5458372,43.473412],[-80.545811,43.4734252],[-80.5457936,43.4734641],[-80.5458316,43.473472],[-80.5458417,43.4734752],[-80.5459951,43.4735158],[-80.5460171,43.473551],[-80.5461076,43.4736919],[-80.5460945,43.4736983],[-80.5461098,43.4737256],[-80.546125,43.4737185],[-80.5461816,43.4738077]]]}},{"type":"Feature","id":382735686,"properties":{"osm_id":382735686,"name":"Pearl Sullivan Engineering Building","code":"PSE","alt_code":"E7","height_m":28,"levels":8,"campus":true},"geometry":{"type":"Polygon","coordinates":[[[-80.5399243,43.4732496],[-80.5395818,43.4733794],[-80.5393405,43.4730439],[-80.5393375,43.4730398],[-80.5392611,43.4730648],[-80.5391025,43.4731133],[-80.5389971,43.4731545],[-80.5389848,43.4731374],[-80.538973,43.473121],[-80.5390797,43.4730794],[-80.5392366,43.4730301],[-80.5393097,43.4730007],[-80.5390568,43.4726494],[-80.5393824,43.4725261],[-80.5394858,43.4726699],[-80.5395172,43.4726578],[-80.5396262,43.4726167],[-80.5396529,43.4726066],[-80.5400361,43.4731329],[-80.5399586,43.4731622],[-80.5398823,43.4731912],[-80.5399243,43.4732496]]]}},{"type":"Feature","id":382758901,"properties":{"osm_id":382758901,"name":"St. Jerome's Academic Centre SJ2","code":null,"alt_code":null,"height_m":12,"levels":null,"campus":false},"geometry":{"type":"Polygon","coordinates":[[[-80.5456104,43.4696928],[-80.5456024,43.469692],[-80.5456043,43.469682],[-80.5454839,43.4696695],[-80.5454264,43.4699616],[-80.5458893,43.4700096],[-80.545911,43.4698993],[-80.5459613,43.4699045],[-80.5459888,43.4697647],[-80.5459376,43.4697594],[-80.5459457,43.4697184],[-80.5457379,43.4696969],[-80.5457362,43.4697058],[-80.5456104,43.4696928]]]}},{"type":"Feature","id":382872689,"properties":{"osm_id":382872689,"name":"Claudette Millar Hall","code":"CMH","alt_code":null,"height_m":42,"levels":12,"campus":true},"geometry":{"type":"Polygon","coordinates":[[[-80.5360251,43.4706098],[-80.5359844,43.470575],[-80.5359061,43.470623],[-80.5356312,43.4703864],[-80.5355831,43.4704158],[-80.5353479,43.4702131],[-80.5354685,43.4701375],[-80.5355028,43.4701217],[-80.5355173,43.4701085],[-80.5354964,43.4700964],[-80.5355105,43.4700836],[-80.5354858,43.4700692],[-80.5355029,43.4700538],[-80.5354858,43.4700439],[-80.5355542,43.469982],[-80.5355747,43.4699939],[-80.5355967,43.4699739],[-80.5356294,43.4699929],[-80.5356496,43.4699747],[-80.5356674,43.4699851],[-80.5356825,43.4699714],[-80.5357682,43.4700212],[-80.5357593,43.4700293],[-80.5359167,43.4701209],[-80.5359282,43.4701104],[-80.5360528,43.4701829],[-80.5360403,43.4701943],[-80.5361983,43.4702861],[-80.5362103,43.4702752],[-80.5362948,43.4703243],[-80.5362813,43.4703365],[-80.5363009,43.4703479],[-80.5362843,43.470363],[-80.5363158,43.4703813],[-80.5363073,43.4703891],[-80.5362982,43.4703973],[-80.5363116,43.470405],[-80.5362394,43.4704707],[-80.5361675,43.4705123],[-80.5360251,43.4706098]]]}},{"type":"Feature","id":421349146,"properties":{"osm_id":421349146,"name":null,"code":null,"alt_code":null,"height_m":12,"levels":null,"campus":false},"geometry":{"type":"Polygon","coordinates":[[[-80.536219,43.4751033],[-80.5362731,43.4751765],[-80.5360129,43.4752778],[-80.5359588,43.4752045],[-80.536219,43.4751033]]]}},{"type":"Feature","id":423464593,"properties":{"osm_id":423464593,"name":"United College Green Wing","code":null,"alt_code":null,"height_m":24.5,"levels":7,"campus":false},"geometry":{"type":"Polygon","coordinates":[[[-80.546086,43.4678077],[-80.5460214,43.4678042],[-80.545735,43.4677888],[-80.5457206,43.4678524],[-80.5457588,43.4678491],[-80.5457582,43.4678952],[-80.5460949,43.4679201],[-80.5462533,43.4678679],[-80.5462263,43.4678207],[-80.5462031,43.4677801],[-80.5461989,43.4677728],[-80.546086,43.4678077]]]}},{"type":"Feature","id":440380006,"properties":{"osm_id":440380006,"name":"St. Jerome's University Residence Buildings","code":null,"alt_code":null,"height_m":24.5,"levels":7,"campus":false},"geometry":{"type":"Polygon","coordinates":[[[-80.5468267,43.4696412],[-80.5471651,43.469676],[-80.5471726,43.4696428],[-80.5472243,43.4696091],[-80.5468219,43.4692788],[-80.5468494,43.4692599],[-80.5464412,43.4689322],[-80.546443,43.4689229],[-80.546157,43.4688945],[-80.5461278,43.4690753],[-80.5464095,43.4691051],[-80.5464122,43.4690886],[-80.5464688,43.469096],[-80.5465568,43.4691678],[-80.5465389,43.4691659],[-80.5465066,43.46939],[-80.5468693,43.469419],[-80.5468267,43.4696412]]]}},{"type":"Feature","id":461743253,"properties":{"osm_id":461743253,"name":null,"code":null,"alt_code":null,"height_m":21,"levels":6,"campus":false},"geometry":{"type":"Polygon","coordinates":[[[-80.536609,43.475598],[-80.5365284,43.4754878],[-80.5365056,43.4754966],[-80.5364835,43.4754664],[-80.5365045,43.4754583],[-80.5364313,43.4753582],[-80.5364133,43.4753652],[-80.5363818,43.475322],[-80.5364029,43.4753157],[-80.536328,43.4752166],[-80.5362482,43.4752474],[-80.5362618,43.475266],[-80.5361934,43.4752924],[-80.5361784,43.475272],[-80.5360861,43.4753076],[-80.5361426,43.4753849],[-80.5361588,43.4753786],[-80.5362055,43.4754424],[-80.5361907,43.4754481],[-80.5362665,43.4755517],[-80.5362867,43.4755439],[-80.5363361,43.4756114],[-80.5363178,43.4756185],[-80.5363728,43.4756937],[-80.5364564,43.4756615],[-80.5364389,43.4756376],[-80.5365015,43.4756134],[-80.5365164,43.4756337],[-80.536609,43.475598]]]}},{"type":"Feature","id":461743254,"properties":{"osm_id":461743254,"name":null,"code":null,"alt_code":null,"height_m":21,"levels":6,"campus":false},"geometry":{"type":"Polygon","coordinates":[[[-80.5369295,43.4760422],[-80.5368489,43.475932],[-80.5368261,43.4759408],[-80.536804,43.4759106],[-80.5368249,43.4759025],[-80.5367517,43.4758025],[-80.5367338,43.4758094],[-80.5367022,43.4757663],[-80.5367204,43.4757592],[-80.5366485,43.4756609],[-80.5365686,43.4756917],[-80.5365823,43.4757103],[-80.5365138,43.4757367],[-80.5364989,43.4757163],[-80.5364065,43.4757519],[-80.5364631,43.4758291],[-80.5364793,43.4758229],[-80.536526,43.4758866],[-80.5365111,43.4758923],[-80.5365869,43.475996],[-80.5366072,43.4759882],[-80.5366566,43.4760557],[-80.5366383,43.4760627],[-80.5366933,43.4761379],[-80.5367769,43.4761057],[-80.5367594,43.4760818],[-80.536822,43.4760577],[-80.5368368,43.4760779],[-80.5369295,43.4760422]]]}},{"type":"Feature","id":466403500,"properties":{"osm_id":466403500,"name":"Blair House","code":null,"alt_code":null,"height_m":70,"levels":20,"campus":false},"geometry":{"type":"Polygon","coordinates":[[[-80.5371297,43.473814],[-80.5371401,43.473828],[-80.5370553,43.4738609],[-80.5370386,43.4738384],[-80.5370327,43.4738407],[-80.5369662,43.4737505],[-80.5369721,43.4737482],[-80.5369388,43.4737031],[-80.5369056,43.473658],[-80.5368997,43.4736603],[-80.5368331,43.4735701],[-80.536839,43.4735678],[-80.5368224,43.4735453],[-80.5369072,43.4735123],[-80.5369175,43.4735264],[-80.5370155,43.4734883],[-80.5370052,43.4734742],[-80.5370899,43.4734413],[-80.5371066,43.4734638],[-80.5371125,43.4734616],[-80.537179,43.4735517],[-80.5371731,43.473554],[-80.5372397,43.4736442],[-80.5372456,43.4736419],[-80.5373121,43.4737321],[-80.5373062,43.4737344],[-80.5373228,43.473757],[-80.5372381,43.4737899],[-80.5372277,43.4737759],[-80.5371297,43.473814]]]}},{"type":"Feature","id":520926519,"properties":{"osm_id":520926519,"name":"Shawerma Plus","code":null,"alt_code":null,"height_m":3.5,"levels":1,"campus":false},"geometry":{"type":"Polygon","coordinates":[[[-80.5373295,43.4721584],[-80.5372665,43.4720679],[-80.5370172,43.4721593],[-80.5370802,43.4722498],[-80.5371414,43.4722274],[-80.5373295,43.4721584]]]}},{"type":"Feature","id":553423729,"properties":{"osm_id":553423729,"name":"Sage 5","code":null,"alt_code":null,"height_m":28,"levels":8,"campus":false},"geometry":{"type":"Polygon","coordinates":[[[-80.5359145,43.475705],[-80.5354788,43.4758757],[-80.5353485,43.4757005],[-80.5354512,43.4756602],[-80.5354634,43.4756766],[-80.5355854,43.4756288],[-80.5355225,43.4755441],[-80.5354729,43.4755636],[-80.5353978,43.4754626],[-80.5354278,43.4754509],[-80.5352835,43.4752569],[-80.5352545,43.4752683],[-80.535196,43.4751896],[-80.5354555,43.4750879],[-80.5359145,43.475705]]]}},{"type":"Feature","id":553423731,"properties":{"osm_id":553423731,"name":"Icon","code":null,"alt_code":null,"height_m":87.5,"levels":25,"campus":false},"geometry":{"type":"Polygon","coordinates":[[[-80.5393908,43.476563],[-80.538999,43.4767175],[-80.5386972,43.4768365],[-80.5385728,43.4766705],[-80.5388746,43.4765515],[-80.5388626,43.4765355],[-80.5390993,43.4764421],[-80.5390707,43.476404],[-80.5390653,43.4763968],[-80.5389483,43.476443],[-80.5387354,43.4761587],[-80.5385344,43.4758904],[-80.5386459,43.4758464],[-80.5386363,43.4758336],[-80.5386061,43.4757933],[-80.5383599,43.4758904],[-80.5383439,43.475869],[-80.5380702,43.4759769],[-80.5379512,43.475818],[-80.5382249,43.47571],[-80.5386187,43.4755547],[-80.5387537,43.4757351],[-80.5388529,43.4758675],[-80.5388305,43.4758764],[-80.5389719,43.4760653],[-80.539118,43.4762603],[-80.5391536,43.4762463],[-80.5392544,43.4763809],[-80.5393908,43.476563]]]}},{"type":"Feature","id":553610427,"properties":{"osm_id":553610427,"name":"Mel's Diner","code":null,"alt_code":null,"height_m":12,"levels":null,"campus":false},"geometry":{"type":"Polygon","coordinates":[[[-80.5355821,43.4728679],[-80.5356981,43.4730415],[-80.5356121,43.4730717],[-80.5354961,43.4728981],[-80.5355821,43.4728679]]]}},{"type":"Feature","id":553610428,"properties":{"osm_id":553610428,"name":"Onnuri","code":null,"alt_code":null,"height_m":12,"levels":null,"campus":false},"geometry":{"type":"Polygon","coordinates":[[[-80.5354961,43.4728981],[-80.5353698,43.4729426],[-80.5354858,43.4731162],[-80.5356121,43.4730717],[-80.5354961,43.4728981]]]}},{"type":"Feature","id":553610429,"properties":{"osm_id":553610429,"name":"momo","code":null,"alt_code":null,"height_m":12,"levels":null,"campus":false},"geometry":{"type":"Polygon","coordinates":[[[-80.5353698,43.4729426],[-80.5353016,43.4729666],[-80.5354176,43.4731402],[-80.5354858,43.4731162],[-80.5353698,43.4729426]]]}},{"type":"Feature","id":553610430,"properties":{"osm_id":553610430,"name":"Pizza Nova","code":null,"alt_code":null,"height_m":12,"levels":null,"campus":false},"geometry":{"type":"Polygon","coordinates":[[[-80.5361723,43.4722814],[-80.536246,43.4723869],[-80.5361046,43.4724389],[-80.5360309,43.4723334],[-80.5361723,43.4722814]]]}},{"type":"Feature","id":553610431,"properties":{"osm_id":553610431,"name":"Accommod8u","code":null,"alt_code":null,"height_m":12,"levels":null,"campus":false},"geometry":{"type":"Polygon","coordinates":[[[-80.5361046,43.4724389],[-80.5360443,43.4724611],[-80.5359706,43.4723556],[-80.5360309,43.4723334],[-80.5361046,43.4724389]]]}},{"type":"Feature","id":553610432,"properties":{"osm_id":553610432,"name":"Mr. Yin","code":null,"alt_code":null,"height_m":12,"levels":null,"campus":false},"geometry":{"type":"Polygon","coordinates":[[[-80.5360443,43.4724611],[-80.5360191,43.4725373],[-80.5359656,43.472557],[-80.5358547,43.4723982],[-80.5359706,43.4723556],[-80.5360443,43.4724611]]]}},{"type":"Feature","id":553610433,"properties":{"osm_id":553610433,"name":"The Bingsu Cafe","code":null,"alt_code":null,"height_m":12,"levels":null,"campus":false},"geometry":{"type":"Polygon","coordinates":[[[-80.5359656,43.472557],[-80.5359057,43.472579],[-80.5358972,43.4725669],[-80.5357948,43.4724203],[-80.5358547,43.4723982],[-80.5359656,43.472557]]]}},{"type":"Feature","id":553610434,"properties":{"osm_id":553610434,"name":"Campus Convenience","code":null,"alt_code":null,"height_m":12,"levels":null,"campus":false},"geometry":{"type":"Polygon","coordinates":[[[-80.5358972,43.4725669],[-80.5358479,43.472585],[-80.5357455,43.4724384],[-80.5357948,43.4724203],[-80.5358972,43.4725669]]]}},{"type":"Feature","id":553610435,"properties":{"osm_id":553610435,"name":"Burger King","code":null,"alt_code":null,"height_m":12,"levels":null,"campus":false},"geometry":{"type":"Polygon","coordinates":[[[-80.5358479,43.472585],[-80.5356442,43.47266],[-80.5355418,43.4725134],[-80.5357455,43.4724384],[-80.5358479,43.472585]]]}},{"type":"Feature","id":555850418,"properties":{"osm_id":555850418,"name":"Kabob Shack","code":null,"alt_code":null,"height_m":12,"levels":null,"campus":false},"geometry":{"type":"Polygon","coordinates":[[[-80.5361046,43.4724389],[-80.5360443,43.4724611],[-80.5360191,43.4725373],[-80.536077,43.4726201],[-80.5361996,43.4725749],[-80.5361669,43.4725282],[-80.5361046,43.4724389]]]}},{"type":"Feature","id":555850419,"properties":{"osm_id":555850419,"name":"Gol's Lanzhou Noodle","code":null,"alt_code":null,"height_m":12,"levels":null,"campus":false},"geometry":{"type":"Polygon","coordinates":[[[-80.5362788,43.4726883],[-80.5361541,43.4727341],[-80.5360426,43.4727751],[-80.536023,43.4727471],[-80.5360003,43.4727146],[-80.5362365,43.4726277],[-80.5362573,43.4726575],[-80.5362788,43.4726883]]]}},{"type":"Feature","id":555850420,"properties":{"osm_id":555850420,"name":"Mizu Restaurant","code":null,"alt_code":null,"height_m":12,"levels":null,"campus":false},"geometry":{"type":"Polygon","coordinates":[[[-80.5362788,43.4726883],[-80.5363314,43.4727636],[-80.5362067,43.4728095],[-80.5361541,43.4727341],[-80.5362788,43.4726883]]]}},{"type":"Feature","id":555850421,"properties":{"osm_id":555850421,"name":"Asakusa","code":null,"alt_code":null,"height_m":12,"levels":null,"campus":false},"geometry":{"type":"Polygon","coordinates":[[[-80.5362067,43.4728095],[-80.5361541,43.4727341],[-80.5360426,43.4727751],[-80.5360952,43.4728505],[-80.5362067,43.4728095]]]}},{"type":"Feature","id":555850422,"properties":{"osm_id":555850422,"name":"iPho","code":null,"alt_code":null,"height_m":12,"levels":null,"campus":false},"geometry":{"type":"Polygon","coordinates":[[[-80.5362365,43.4726277],[-80.5360003,43.4727146],[-80.5359635,43.4726618],[-80.536077,43.4726201],[-80.5361996,43.4725749],[-80.5362365,43.4726277]]]}},{"type":"Feature","id":555850423,"properties":{"osm_id":555850423,"name":"Live Switchboard","code":"LSI","alt_code":null,"height_m":12,"levels":null,"campus":true},"geometry":{"type":"Polygon","coordinates":[[[-80.5359635,43.4726618],[-80.5359057,43.472579],[-80.5359656,43.472557],[-80.5360191,43.4725373],[-80.536077,43.4726201],[-80.5359635,43.4726618]]]}},{"type":"Feature","id":555850424,"properties":{"osm_id":555850424,"name":"Waterloo Central Supermarket","code":null,"alt_code":null,"height_m":12,"levels":null,"campus":false},"geometry":{"type":"Polygon","coordinates":[[[-80.5354176,43.4731402],[-80.535099,43.4732523],[-80.5349647,43.4730515],[-80.5348869,43.4730789],[-80.5348026,43.4729528],[-80.5349666,43.4728951],[-80.534979,43.4728539],[-80.5351229,43.4728033],[-80.5352452,43.4729864],[-80.5353016,43.4729666],[-80.5354176,43.4731402]]]}},{"type":"Feature","id":556537849,"properties":{"osm_id":556537849,"name":null,"code":null,"alt_code":null,"height_m":12,"levels":null,"campus":false},"geometry":{"type":"Polygon","coordinates":[[[-80.5352856,43.4748243],[-80.5351588,43.474652],[-80.5348017,43.4747905],[-80.5349285,43.4749627],[-80.5352856,43.4748243]]]}},{"type":"Feature","id":565144326,"properties":{"osm_id":565144326,"name":null,"code":null,"alt_code":null,"height_m":12,"levels":null,"campus":false},"geometry":{"type":"Polygon","coordinates":[[[-80.5358574,43.4760381],[-80.5362161,43.4765506],[-80.5364447,43.4764664],[-80.5360859,43.4759539],[-80.5358574,43.4760381]]]}},{"type":"Feature","id":654640288,"properties":{"osm_id":654640288,"name":null,"code":null,"alt_code":null,"height_m":12,"levels":null,"campus":false},"geometry":{"type":"Polygon","coordinates":[[[-80.5518995,43.4655963],[-80.5517076,43.4656675],[-80.5517799,43.4657702],[-80.5518517,43.4657435],[-80.551839,43.4657254],[-80.551959,43.4656808],[-80.5518995,43.4655963]]]}},{"type":"Feature","id":654640289,"properties":{"osm_id":654640289,"name":null,"code":null,"alt_code":null,"height_m":12,"levels":null,"campus":false},"geometry":{"type":"Polygon","coordinates":[[[-80.5520527,43.4656794],[-80.5519765,43.4655728],[-80.5521995,43.4654889],[-80.5522756,43.4655955],[-80.5520527,43.4656794]]]}},{"type":"Feature","id":692358718,"properties":{"osm_id":692358718,"name":"Feridun Hamdullahpur Field House","code":"CIF Field House","alt_code":null,"height_m":12,"levels":null,"campus":true},"geometry":{"type":"Polygon","coordinates":[[[-80.5495513,43.4754844],[-80.5492874,43.4750937],[-80.5492304,43.475114],[-80.5492026,43.4751239],[-80.5491841,43.4750965],[-80.549172,43.4750786],[-80.549127,43.475012],[-80.5493731,43.4749244],[-80.5493885,43.4749472],[-80.5494173,43.474937],[-80.5494639,43.4749204],[-80.549477,43.4749398],[-80.5504057,43.4746094],[-80.5504171,43.4746263],[-80.5504349,43.4746527],[-80.5504419,43.474663],[-80.5507167,43.4750697],[-80.5495513,43.4754844]]]}},{"type":"Feature","id":693974822,"properties":{"osm_id":693974822,"name":null,"code":null,"alt_code":null,"height_m":28,"levels":8,"campus":false},"geometry":{"type":"Polygon","coordinates":[[[-80.5378,43.4781175],[-80.5376912,43.4779588],[-80.5374336,43.4780518],[-80.5373781,43.4780718],[-80.537265,43.4781127],[-80.5373737,43.4782713],[-80.5374877,43.4782302],[-80.5375423,43.4782105],[-80.5378,43.4781175]]]}},{"type":"Feature","id":718222524,"properties":{"osm_id":718222524,"name":"WCRI Fenwick","code":null,"alt_code":null,"height_m":31.5,"levels":9,"campus":false},"geometry":{"type":"Polygon","coordinates":[[[-80.5373431,43.4751437],[-80.5373077,43.475091],[-80.5372768,43.4750449],[-80.5368356,43.4752008],[-80.5368777,43.4752636],[-80.5368504,43.4752733],[-80.5369866,43.4754762],[-80.5370186,43.4754649],[-80.5370324,43.4754854],[-80.5372364,43.4757893],[-80.5378995,43.4755549],[-80.5378267,43.4754464],[-80.5373217,43.4756248],[-80.5371948,43.4754357],[-80.5370648,43.475242],[-80.5373431,43.4751437]]]}},{"type":"Feature","id":718222610,"properties":{"osm_id":718222610,"name":"Fergus House","code":null,"alt_code":null,"height_m":12,"levels":null,"campus":false},"geometry":{"type":"Polygon","coordinates":[[[-80.53621,43.4741204],[-80.5362049,43.4741135],[-80.5361051,43.4741523],[-80.5361023,43.4741484],[-80.536069,43.4741614],[-80.5360226,43.4740984],[-80.5360433,43.4740904],[-80.5360062,43.4740401],[-80.5359855,43.4740482],[-80.5359419,43.473989],[-80.5359751,43.4739761],[-80.5359723,43.4739722],[-80.536072,43.4739335],[-80.536067,43.4739266],[-80.5361667,43.4738878],[-80.5362665,43.4738491],[-80.5362715,43.473856],[-80.5363713,43.4738172],[-80.5363741,43.473821],[-80.5364074,43.4738081],[-80.536451,43.4738673],[-80.5364304,43.4738753],[-80.5364674,43.4739256],[-80.5364881,43.4739176],[-80.5365345,43.4739805],[-80.5365013,43.4739934],[-80.5365041,43.4739972],[-80.5364044,43.474036],[-80.5364094,43.4740429],[-80.53621,43.4741204]]]}},{"type":"Feature","id":726382521,"properties":{"osm_id":726382521,"name":null,"code":null,"alt_code":null,"height_m":3.5,"levels":1,"campus":false},"geometry":{"type":"Polygon","coordinates":[[[-80.5497687,43.4747672],[-80.5497503,43.4747399],[-80.5497824,43.4747286],[-80.5498007,43.4747559],[-80.5497687,43.4747672]]]}},{"type":"Feature","id":731803685,"properties":{"osm_id":731803685,"name":"Autonomous Vehicle Research and Intelligence Lab","code":null,"alt_code":null,"height_m":3.5,"levels":1,"campus":false},"geometry":{"type":"Polygon","coordinates":[[[-80.539875,43.4741642],[-80.5396224,43.4742627],[-80.5394673,43.4740532],[-80.5397199,43.4739547],[-80.539875,43.4741642]]]}},{"type":"Feature","id":742358011,"properties":{"osm_id":742358011,"name":"A2","code":null,"alt_code":null,"height_m":14,"levels":4,"campus":false},"geometry":{"type":"Polygon","coordinates":[[[-80.5377606,43.4750814],[-80.5379693,43.4750099],[-80.5379053,43.4749116],[-80.5379225,43.4749057],[-80.5378775,43.4748365],[-80.5376633,43.4749099],[-80.5376875,43.4749452],[-80.5377209,43.4749967],[-80.5377303,43.4750112],[-80.5377177,43.4750156],[-80.5377606,43.4750814]]]}},{"type":"Feature","id":742358012,"properties":{"osm_id":742358012,"name":"A4","code":null,"alt_code":null,"height_m":14,"levels":4,"campus":false},"geometry":{"type":"Polygon","coordinates":[[[-80.538004,43.4754625],[-80.5381396,43.4754134],[-80.5381481,43.4754258],[-80.5382427,43.4753915],[-80.5381376,43.4752387],[-80.5380852,43.4752576],[-80.5380085,43.4752854],[-80.5379975,43.4752894],[-80.5379913,43.4752803],[-80.5379011,43.475313],[-80.538004,43.4754625]]]}},{"type":"Feature","id":760113248,"properties":{"osm_id":760113248,"name":null,"code":null,"alt_code":null,"height_m":12,"levels":null,"campus":false},"geometry":{"type":"Polygon","coordinates":[[[-80.5453393,43.4655184],[-80.5452709,43.4654804],[-80.5453866,43.4653706],[-80.5453553,43.4653533],[-80.5454025,43.4653085],[-80.5454683,43.465345],[-80.5454261,43.465385],[-80.54546,43.4654038],[-80.5453393,43.4655184]]]}},{"type":"Feature","id":760113249,"properties":{"osm_id":760113249,"name":null,"code":null,"alt_code":null,"height_m":12,"levels":null,"campus":false},"geometry":{"type":"Polygon","coordinates":[[[-80.5453366,43.4652595],[-80.5452602,43.4653296],[-80.5451838,43.4652857],[-80.545175,43.4652937],[-80.5450246,43.4652073],[-80.5450914,43.4651461],[-80.54516,43.4651855],[-80.5451785,43.4651686],[-80.5453366,43.4652595]]]}},{"type":"Feature","id":760113251,"properties":{"osm_id":760113251,"name":null,"code":null,"alt_code":null,"height_m":12,"levels":null,"campus":false},"geometry":{"type":"Polygon","coordinates":[[[-80.5461869,43.4650171],[-80.5460988,43.4650454],[-80.546092,43.4650342],[-80.5460142,43.4650591],[-80.546021,43.4650704],[-80.5459287,43.4651],[-80.5459215,43.4650882],[-80.5458766,43.4651027],[-80.5458358,43.4650358],[-80.5458799,43.4650216],[-80.545867,43.4650004],[-80.546054,43.4649403],[-80.5460753,43.4649752],[-80.5461472,43.4649521],[-80.5461869,43.4650171]]]}},{"type":"Feature","id":760268547,"properties":{"osm_id":760268547,"name":"Hespeler House","code":null,"alt_code":null,"height_m":12,"levels":null,"campus":false},"geometry":{"type":"Polygon","coordinates":[[[-80.5358378,43.4736224],[-80.5358327,43.4736155],[-80.535733,43.4736543],[-80.5357301,43.4736504],[-80.5356969,43.4736634],[-80.5356505,43.4736004],[-80.5356711,43.4735924],[-80.535634,43.4735421],[-80.5356134,43.4735502],[-80.5355697,43.473491],[-80.535603,43.4734781],[-80.5356001,43.4734742],[-80.5356999,43.4734355],[-80.5356948,43.4734286],[-80.5358943,43.4733511],[-80.5358994,43.473358],[-80.5359991,43.4733192],[-80.5360019,43.473323],[-80.5360352,43.4733101],[-80.5360789,43.4733693],[-80.5360582,43.4733773],[-80.5360953,43.4734276],[-80.5361159,43.4734196],[-80.5361624,43.4734825],[-80.5361291,43.4734954],[-80.5361319,43.4734992],[-80.5360322,43.473538],[-80.5360373,43.4735449],[-80.5359375,43.4735836],[-80.5358378,43.4736224]]]}},{"type":"Feature","id":767464770,"properties":{"osm_id":767464770,"name":null,"code":null,"alt_code":null,"height_m":21,"levels":6,"campus":false},"geometry":{"type":"Polygon","coordinates":[[[-80.5356864,43.4764695],[-80.5357203,43.4765188],[-80.5357031,43.4765555],[-80.535681,43.4765635],[-80.5356895,43.4765759],[-80.5356244,43.4765994],[-80.5356745,43.4766724],[-80.5355699,43.4767102],[-80.5355924,43.476743],[-80.5354122,43.4768082],[-80.5353897,43.4767754],[-80.5353692,43.4767828],[-80.5352084,43.4767256],[-80.5351625,43.4766589],[-80.5356864,43.4764695]]]}},{"type":"Feature","id":767464772,"properties":{"osm_id":767464772,"name":"U-Haul Neighborhood Dealer","code":null,"alt_code":null,"height_m":3.5,"levels":1,"campus":false},"geometry":{"type":"Polygon","coordinates":[[[-80.5390196,43.4770789],[-80.5388742,43.4771325],[-80.5387727,43.4769876],[-80.5389181,43.476934],[-80.5390196,43.4770789]]]}},{"type":"Feature","id":767464774,"properties":{"osm_id":767464774,"name":null,"code":null,"alt_code":null,"height_m":3.5,"levels":1,"campus":false},"geometry":{"type":"Polygon","coordinates":[[[-80.5350497,43.4766096],[-80.5349909,43.4765242],[-80.5349016,43.476559],[-80.534956,43.4766428],[-80.5350497,43.4766096]]]}},{"type":"Feature","id":799387242,"properties":{"osm_id":799387242,"name":null,"code":null,"alt_code":null,"height_m":12,"levels":null,"campus":false},"geometry":{"type":"Polygon","coordinates":[[[-80.5506568,43.4684676],[-80.550619,43.4684119],[-80.5507587,43.468362],[-80.5507965,43.4684177],[-80.5506568,43.4684676]]]}},{"type":"Feature","id":799387243,"properties":{"osm_id":799387243,"name":null,"code":null,"alt_code":null,"height_m":12,"levels":null,"campus":false},"geometry":{"type":"Polygon","coordinates":[[[-80.5505602,43.4685284],[-80.5504978,43.4684364],[-80.550591,43.4684032],[-80.5506533,43.4684952],[-80.5505602,43.4685284]]]}},{"type":"Feature","id":799387245,"properties":{"osm_id":799387245,"name":null,"code":null,"alt_code":null,"height_m":12,"levels":null,"campus":false},"geometry":{"type":"Polygon","coordinates":[[[-80.5513596,43.4668949],[-80.5514238,43.4669915],[-80.5512388,43.4670563],[-80.5512341,43.4670491],[-80.5511901,43.4670645],[-80.5511496,43.4670037],[-80.5511936,43.4669883],[-80.5511746,43.4669596],[-80.5513596,43.4668949]]]}},{"type":"Feature","id":799387246,"properties":{"osm_id":799387246,"name":null,"code":null,"alt_code":null,"height_m":12,"levels":null,"campus":false},"geometry":{"type":"Polygon","coordinates":[[[-80.5513139,43.4668723],[-80.5511375,43.4669341],[-80.5511133,43.4668976],[-80.5511228,43.4668943],[-80.5511114,43.4668772],[-80.5511411,43.4668668],[-80.5511117,43.4668226],[-80.551249,43.4667745],[-80.5512753,43.4668143],[-80.5513002,43.4668056],[-80.5513252,43.4668431],[-80.5513003,43.4668518],[-80.5513139,43.4668723]]]}},{"type":"Feature","id":799387247,"properties":{"osm_id":799387247,"name":null,"code":null,"alt_code":null,"height_m":12,"levels":null,"campus":false},"geometry":{"type":"Polygon","coordinates":[[[-80.5511878,43.4666137],[-80.5512521,43.4667106],[-80.5512462,43.4667127],[-80.5512649,43.466741],[-80.5512355,43.4667513],[-80.5512407,43.466759],[-80.5511715,43.4667832],[-80.5511664,43.4667755],[-80.551123,43.4667907],[-80.5510913,43.4667431],[-80.5510685,43.4667511],[-80.5510293,43.4666921],[-80.5511055,43.4666654],[-80.5510932,43.4666469],[-80.5511878,43.4666137]]]}},{"type":"Feature","id":799387248,"properties":{"osm_id":799387248,"name":null,"code":null,"alt_code":null,"height_m":12,"levels":null,"campus":false},"geometry":{"type":"Polygon","coordinates":[[[-80.5511402,43.4665102],[-80.5511262,43.4664766],[-80.5511688,43.4664672],[-80.5511829,43.4665008],[-80.5511402,43.4665102]]]}},{"type":"Feature","id":799387249,"properties":{"osm_id":799387249,"name":null,"code":null,"alt_code":null,"height_m":12,"levels":null,"campus":false},"geometry":{"type":"Polygon","coordinates":[[[-80.5511121,43.4665428],[-80.5510303,43.4666587],[-80.550967,43.4666351],[-80.5509529,43.4666552],[-80.5508712,43.4666248],[-80.5509249,43.4665488],[-80.5509364,43.4665531],[-80.5509552,43.4665265],[-80.5509659,43.4665305],[-80.5510158,43.4664598],[-80.5511027,43.4664921],[-80.5510763,43.4665295],[-80.5511121,43.4665428]]]}},{"type":"Feature","id":799387250,"properties":{"osm_id":799387250,"name":null,"code":null,"alt_code":null,"height_m":12,"levels":null,"campus":false},"geometry":{"type":"Polygon","coordinates":[[[-80.550634,43.4664995],[-80.5506165,43.466463],[-80.5506423,43.4664565],[-80.5506598,43.466493],[-80.550634,43.4664995]]]}},{"type":"Feature","id":799387251,"properties":{"osm_id":799387251,"name":null,"code":null,"alt_code":null,"height_m":12,"levels":null,"campus":false},"geometry":{"type":"Polygon","coordinates":[[[-80.5508009,43.4664523],[-80.5507781,43.4664523],[-80.5507781,43.4664202],[-80.5508009,43.4664202],[-80.5508009,43.4664523]]]}},{"type":"Feature","id":799387252,"properties":{"osm_id":799387252,"name":null,"code":null,"alt_code":null,"height_m":12,"levels":null,"campus":false},"geometry":{"type":"Polygon","coordinates":[[[-80.5506708,43.4665818],[-80.5506802,43.4664533],[-80.5507268,43.4664551],[-80.550741,43.4664448],[-80.5507681,43.4664459],[-80.5507815,43.4664572],[-80.5507813,43.46646],[-80.550863,43.4664631],[-80.5508538,43.4665888],[-80.5507694,43.4665856],[-80.5507682,43.466602],[-80.5507012,43.4665994],[-80.5507024,43.466583],[-80.5506708,43.4665818]]]}},{"type":"Feature","id":799387254,"properties":{"osm_id":799387254,"name":null,"code":null,"alt_code":null,"height_m":12,"levels":null,"campus":false},"geometry":{"type":"Polygon","coordinates":[[[-80.5507506,43.4675809],[-80.5507333,43.4675552],[-80.5508103,43.4675278],[-80.5508277,43.4675536],[-80.5507506,43.4675809]]]}},{"type":"Feature","id":799387255,"properties":{"osm_id":799387255,"name":null,"code":null,"alt_code":null,"height_m":12,"levels":null,"campus":false},"geometry":{"type":"Polygon","coordinates":[[[-80.5509451,43.4676592],[-80.5509206,43.4676229],[-80.5509142,43.4676251],[-80.5508789,43.4675727],[-80.5508853,43.4675705],[-80.5508527,43.4675221],[-80.5510317,43.4674586],[-80.5510717,43.467518],[-80.5510589,43.4675226],[-80.5510705,43.4675398],[-80.5510803,43.4675363],[-80.5511011,43.4675672],[-80.5510913,43.4675707],[-80.5511113,43.4676003],[-80.5509451,43.4676592]]]}},{"type":"Feature","id":799387256,"properties":{"osm_id":799387256,"name":null,"code":null,"alt_code":null,"height_m":12,"levels":null,"campus":false},"geometry":{"type":"Polygon","coordinates":[[[-80.5507363,43.4673613],[-80.5509256,43.4672941],[-80.5509665,43.4673547],[-80.550926,43.4673691],[-80.5509402,43.4673902],[-80.5509661,43.467381],[-80.5509901,43.4674166],[-80.5509642,43.4674258],[-80.5509843,43.4674557],[-80.5508355,43.4675085],[-80.5507898,43.4674407],[-80.550766,43.4674491],[-80.5507351,43.4674034],[-80.550759,43.4673949],[-80.5507363,43.4673613]]]}},{"type":"Feature","id":799387257,"properties":{"osm_id":799387257,"name":null,"code":null,"alt_code":null,"height_m":12,"levels":null,"campus":false},"geometry":{"type":"Polygon","coordinates":[[[-80.550626,43.4672032],[-80.5508153,43.467136],[-80.5508562,43.4671967],[-80.5508157,43.467211],[-80.5508299,43.4672322],[-80.5508558,43.467223],[-80.5508798,43.4672585],[-80.5508539,43.4672677],[-80.550874,43.4672977],[-80.5507252,43.4673505],[-80.5506795,43.4672826],[-80.5506557,43.467291],[-80.5506248,43.4672453],[-80.5506487,43.4672368],[-80.550626,43.4672032]]]}},{"type":"Feature","id":799387258,"properties":{"osm_id":799387258,"name":null,"code":null,"alt_code":null,"height_m":12,"levels":null,"campus":false},"geometry":{"type":"Polygon","coordinates":[[[-80.5504952,43.4672256],[-80.5504571,43.4671691],[-80.5504332,43.4671776],[-80.5503998,43.467128],[-80.5505689,43.4670679],[-80.5505802,43.4670848],[-80.5505961,43.4670791],[-80.5506122,43.4671031],[-80.5506548,43.467088],[-80.5506989,43.4671533],[-80.5504952,43.4672256]]]}},{"type":"Feature","id":799387259,"properties":{"osm_id":799387259,"name":null,"code":null,"alt_code":null,"height_m":12,"levels":null,"campus":false},"geometry":{"type":"Polygon","coordinates":[[[-80.5505227,43.4670645],[-80.5503718,43.4671181],[-80.5503674,43.4671116],[-80.5503613,43.4671138],[-80.5503343,43.4670737],[-80.5503279,43.467076],[-80.5503096,43.4670488],[-80.550316,43.4670466],[-80.5503062,43.4670319],[-80.5502943,43.4670361],[-80.5502676,43.4669965],[-80.5503167,43.4669791],[-80.5503232,43.4669887],[-80.5503634,43.4669744],[-80.5503678,43.4669809],[-80.5504002,43.4669694],[-80.5504034,43.4669742],[-80.5504567,43.4669553],[-80.5504967,43.4670146],[-80.5504803,43.4670205],[-80.5504916,43.4670373],[-80.5505018,43.4670337],[-80.5505227,43.4670645]]]}},{"type":"Feature","id":799387260,"properties":{"osm_id":799387260,"name":null,"code":null,"alt_code":null,"height_m":12,"levels":null,"campus":false},"geometry":{"type":"Polygon","coordinates":[[[-80.5504026,43.4669482],[-80.5502497,43.4669482],[-80.5502497,43.4669088],[-80.5502108,43.4669088],[-80.5502108,43.4668601],[-80.5501981,43.4668601],[-80.5501981,43.4668129],[-80.5503014,43.4668129],[-80.5503014,43.4668222],[-80.5504288,43.4668222],[-80.5504288,43.4668947],[-80.5504026,43.4668947],[-80.5504026,43.4669482]]]}},{"type":"Feature","id":799387261,"properties":{"osm_id":799387261,"name":null,"code":null,"alt_code":null,"height_m":12,"levels":null,"campus":false},"geometry":{"type":"Polygon","coordinates":[[[-80.5504368,43.466809],[-80.5501847,43.4667721],[-80.5502001,43.4667169],[-80.5502367,43.4667223],[-80.5502525,43.4666656],[-80.550232,43.4666626],[-80.5502454,43.4666142],[-80.5504225,43.4666402],[-80.5503973,43.4667304],[-80.5504563,43.4667391],[-80.5504368,43.466809]]]}},{"type":"Feature","id":799387262,"properties":{"osm_id":799387262,"name":null,"code":null,"alt_code":null,"height_m":12,"levels":null,"campus":false},"geometry":{"type":"Polygon","coordinates":[[[-80.5504254,43.4666207],[-80.5503785,43.4665214],[-80.5504371,43.4665068],[-80.5504312,43.4664943],[-80.5504895,43.4664798],[-80.5504954,43.4664923],[-80.5505465,43.4664796],[-80.5505812,43.4665529],[-80.5506146,43.4665445],[-80.5506543,43.4666287],[-80.5505642,43.4666511],[-80.5505367,43.466593],[-80.5505167,43.466598],[-80.5505197,43.4666044],[-80.5504706,43.4666167],[-80.5504675,43.4666102],[-80.5504254,43.4666207]]]}},{"type":"Feature","id":799387263,"properties":{"osm_id":799387263,"name":null,"code":null,"alt_code":null,"height_m":12,"levels":null,"campus":false},"geometry":{"type":"Polygon","coordinates":[[[-80.5508237,43.465988],[-80.5509101,43.4661078],[-80.5508466,43.466132],[-80.5508284,43.4661068],[-80.5507859,43.4661229],[-80.5508008,43.4661435],[-80.5507104,43.4661778],[-80.5506273,43.4660626],[-80.5506954,43.4660368],[-80.5506847,43.466022],[-80.5507464,43.4659986],[-80.550757,43.4660134],[-80.5508237,43.465988]]]}},{"type":"Feature","id":799387264,"properties":{"osm_id":799387264,"name":null,"code":null,"alt_code":null,"height_m":12,"levels":null,"campus":false},"geometry":{"type":"Polygon","coordinates":[[[-80.5503416,43.4662776],[-80.5502886,43.4662041],[-80.5504194,43.4661544],[-80.5504037,43.4661327],[-80.5504855,43.4661016],[-80.5505542,43.4661968],[-80.5503416,43.4662776]]]}},{"type":"Feature","id":799387265,"properties":{"osm_id":799387265,"name":null,"code":null,"alt_code":null,"height_m":12,"levels":null,"campus":false},"geometry":{"type":"Polygon","coordinates":[[[-80.550229,43.4663516],[-80.5502154,43.4663328],[-80.5502417,43.4663229],[-80.5502552,43.4663416],[-80.550229,43.4663516]]]}},{"type":"Feature","id":799387266,"properties":{"osm_id":799387266,"name":null,"code":null,"alt_code":null,"height_m":12,"levels":null,"campus":false},"geometry":{"type":"Polygon","coordinates":[[[-80.5502799,43.4663024],[-80.5501114,43.4663664],[-80.5501042,43.4663564],[-80.5500306,43.4663844],[-80.5499819,43.4663169],[-80.5500555,43.4662889],[-80.5500446,43.4662737],[-80.5500961,43.4662541],[-80.550093,43.4662498],[-80.5501613,43.4662239],[-80.5501644,43.4662282],[-80.550213,43.4662097],[-80.5502799,43.4663024]]]}},{"type":"Feature","id":799387267,"properties":{"osm_id":799387267,"name":null,"code":null,"alt_code":null,"height_m":12,"levels":null,"campus":false},"geometry":{"type":"Polygon","coordinates":[[[-80.5499185,43.4663462],[-80.549984,43.4664371],[-80.5498684,43.466481],[-80.5498571,43.4664654],[-80.5497406,43.4665097],[-80.5496768,43.4664213],[-80.5497586,43.4663902],[-80.5497681,43.4664033],[-80.5499185,43.4663462]]]}},{"type":"Feature","id":799387268,"properties":{"osm_id":799387268,"name":null,"code":null,"alt_code":null,"height_m":12,"levels":null,"campus":false},"geometry":{"type":"Polygon","coordinates":[[[-80.5493536,43.4665489],[-80.5494179,43.4665248],[-80.5494072,43.4665098],[-80.5494373,43.4664985],[-80.549448,43.4665135],[-80.5496157,43.4664506],[-80.5496623,43.4665161],[-80.549587,43.4665444],[-80.5495922,43.4665517],[-80.5495477,43.4665684],[-80.5495424,43.4665611],[-80.5494915,43.4665802],[-80.5495007,43.4665931],[-80.5494507,43.4666118],[-80.5494415,43.466599],[-80.5494003,43.4666144],[-80.5493536,43.4665489]]]}},{"type":"Feature","id":799387269,"properties":{"osm_id":799387269,"name":null,"code":null,"alt_code":null,"height_m":12,"levels":null,"campus":false},"geometry":{"type":"Polygon","coordinates":[[[-80.5493003,43.4665769],[-80.5493487,43.4666449],[-80.5493292,43.4666522],[-80.5493641,43.466701],[-80.5492931,43.4667277],[-80.5492845,43.4667157],[-80.549264,43.4667234],[-80.5492726,43.4667354],[-80.5491879,43.4667672],[-80.5491793,43.4667552],[-80.54915,43.4667662],[-80.5490753,43.4666614],[-80.5491618,43.4666289],[-80.5491466,43.4666076],[-80.5492092,43.4665841],[-80.5492244,43.4666054],[-80.5493003,43.4665769]]]}},{"type":"Feature","id":799387272,"properties":{"osm_id":799387272,"name":null,"code":null,"alt_code":null,"height_m":12,"levels":null,"campus":false},"geometry":{"type":"Polygon","coordinates":[[[-80.548401,43.466938],[-80.5483777,43.4669165],[-80.5484186,43.4668931],[-80.5484419,43.4669146],[-80.548401,43.466938]]]}},{"type":"Feature","id":799387273,"properties":{"osm_id":799387273,"name":null,"code":null,"alt_code":null,"height_m":12,"levels":null,"campus":false},"geometry":{"type":"Polygon","coordinates":[[[-80.5488295,43.4668222],[-80.5486555,43.4668184],[-80.5486593,43.466726],[-80.5486014,43.4666801],[-80.5486666,43.4666368],[-80.5487185,43.4666779],[-80.5487018,43.466689],[-80.5487317,43.4667127],[-80.5487101,43.4667271],[-80.5487756,43.4667285],[-80.5487751,43.4667392],[-80.5488329,43.4667404],[-80.5488295,43.4668222]]]}},{"type":"Feature","id":799387274,"properties":{"osm_id":799387274,"name":null,"code":null,"alt_code":null,"height_m":12,"levels":null,"campus":false},"geometry":{"type":"Polygon","coordinates":[[[-80.5483729,43.4666893],[-80.548336,43.4666306],[-80.5484208,43.4666026],[-80.5483837,43.4665435],[-80.5484094,43.466535],[-80.5483931,43.466446],[-80.5484942,43.4664363],[-80.5485117,43.4665312],[-80.54857,43.4666241],[-80.5483729,43.4666893]]]}},{"type":"Feature","id":799387275,"properties":{"osm_id":799387275,"name":null,"code":null,"alt_code":null,"height_m":12,"levels":null,"campus":false},"geometry":{"type":"Polygon","coordinates":[[[-80.5483809,43.4663623],[-80.5485083,43.46619],[-80.5485667,43.4662128],[-80.5485634,43.4662173],[-80.5486114,43.466236],[-80.5484923,43.466397],[-80.548439,43.4663762],[-80.548434,43.466383],[-80.5483809,43.4663623]]]}},{"type":"Feature","id":799387276,"properties":{"osm_id":799387276,"name":null,"code":null,"alt_code":null,"height_m":12,"levels":null,"campus":false},"geometry":{"type":"Polygon","coordinates":[[[-80.5486612,43.4661661],[-80.5486148,43.4660833],[-80.5487155,43.4660536],[-80.5486953,43.4660176],[-80.5487754,43.465994],[-80.548842,43.4661128],[-80.5486612,43.4661661]]]}},{"type":"Feature","id":799387277,"properties":{"osm_id":799387277,"name":null,"code":null,"alt_code":null,"height_m":12,"levels":null,"campus":false},"geometry":{"type":"Polygon","coordinates":[[[-80.5493975,43.466117],[-80.5493194,43.466137],[-80.5492825,43.466061],[-80.5493606,43.4660411],[-80.5493975,43.466117]]]}},{"type":"Feature","id":799387278,"properties":{"osm_id":799387278,"name":null,"code":null,"alt_code":null,"height_m":12,"levels":null,"campus":false},"geometry":{"type":"Polygon","coordinates":[[[-80.5490709,43.4662061],[-80.5490159,43.4661],[-80.5492172,43.466045],[-80.5492604,43.4661282],[-80.5491777,43.4661508],[-80.5491896,43.4661737],[-80.5490709,43.4662061]]]}},{"type":"Feature","id":799387279,"properties":{"osm_id":799387279,"name":null,"code":null,"alt_code":null,"height_m":12,"levels":null,"campus":false},"geometry":{"type":"Polygon","coordinates":[[[-80.5496912,43.4658007],[-80.549876,43.4658381],[-80.5498251,43.4659705],[-80.5496402,43.465933],[-80.5496532,43.4658993],[-80.5495597,43.4658803],[-80.5495863,43.4658112],[-80.5496798,43.4658302],[-80.5496912,43.4658007]]]}},{"type":"Feature","id":799387280,"properties":{"osm_id":799387280,"name":null,"code":null,"alt_code":null,"height_m":12,"levels":null,"campus":false},"geometry":{"type":"Polygon","coordinates":[[[-80.5494424,43.4658639],[-80.5493069,43.4658396],[-80.5493135,43.4658205],[-80.5492737,43.4658133],[-80.549305,43.4657214],[-80.5494447,43.4657465],[-80.5494354,43.4657737],[-80.549471,43.46578],[-80.5494424,43.4658639]]]}},{"type":"Feature","id":799387281,"properties":{"osm_id":799387281,"name":null,"code":null,"alt_code":null,"height_m":12,"levels":null,"campus":false},"geometry":{"type":"Polygon","coordinates":[[[-80.5491795,43.4657135],[-80.5491396,43.4658169],[-80.5489241,43.465773],[-80.5489354,43.4657438],[-80.5489095,43.4657386],[-80.5489408,43.4656574],[-80.54903,43.4656756],[-80.5490273,43.4656825],[-80.5491795,43.4657135]]]}},{"type":"Feature","id":799387282,"properties":{"osm_id":799387282,"name":null,"code":null,"alt_code":null,"height_m":12,"levels":null,"campus":false},"geometry":{"type":"Polygon","coordinates":[[[-80.5488201,43.4657277],[-80.5485874,43.4656693],[-80.5486334,43.4655729],[-80.548866,43.4656313],[-80.5488201,43.4657277]]]}},{"type":"Feature","id":799387283,"properties":{"osm_id":799387283,"name":null,"code":null,"alt_code":null,"height_m":12,"levels":null,"campus":false},"geometry":{"type":"Polygon","coordinates":[[[-80.5485097,43.4656639],[-80.548231,43.4656016],[-80.5482697,43.4655104],[-80.5483713,43.4655331],[-80.5483794,43.4655141],[-80.5485009,43.4655412],[-80.5484928,43.4655603],[-80.5485484,43.4655727],[-80.5485097,43.4656639]]]}},{"type":"Feature","id":799387284,"properties":{"osm_id":799387284,"name":null,"code":null,"alt_code":null,"height_m":12,"levels":null,"campus":false},"geometry":{"type":"Polygon","coordinates":[[[-80.5480812,43.4658819],[-80.548058,43.465842],[-80.5481183,43.4658236],[-80.5481415,43.4658634],[-80.5480812,43.4658819]]]}},{"type":"Feature","id":799387285,"properties":{"osm_id":799387285,"name":null,"code":null,"alt_code":null,"height_m":12,"levels":null,"campus":false},"geometry":{"type":"Polygon","coordinates":[[[-80.5479303,43.4654079],[-80.5480427,43.4654272],[-80.5480377,43.4654425],[-80.548082,43.4654501],[-80.548087,43.4654348],[-80.5481454,43.4654448],[-80.5481404,43.4654601],[-80.5481857,43.4654679],[-80.5481464,43.4655882],[-80.5480828,43.4655773],[-80.5480688,43.4656202],[-80.5479958,43.4656077],[-80.5479842,43.4656433],[-80.5478605,43.465622],[-80.5479303,43.4654079]]]}},{"type":"Feature","id":799387286,"properties":{"osm_id":799387286,"name":null,"code":null,"alt_code":null,"height_m":12,"levels":null,"campus":false},"geometry":{"type":"Polygon","coordinates":[[[-80.5476426,43.4654011],[-80.5476807,43.4652941],[-80.5478934,43.4653339],[-80.5478462,43.4654667],[-80.5477577,43.4654501],[-80.5477669,43.4654244],[-80.5476426,43.4654011]]]}},{"type":"Feature","id":799387287,"properties":{"osm_id":799387287,"name":null,"code":null,"alt_code":null,"height_m":12,"levels":null,"campus":false},"geometry":{"type":"Polygon","coordinates":[[[-80.5473583,43.4652882],[-80.5473943,43.4651872],[-80.5474863,43.4652044],[-80.5474823,43.4652155],[-80.5475749,43.4652329],[-80.5475788,43.4652217],[-80.547641,43.4652334],[-80.5476051,43.4653344],[-80.5473583,43.4652882]]]}},{"type":"Feature","id":799387288,"properties":{"osm_id":799387288,"name":null,"code":null,"alt_code":null,"height_m":12,"levels":null,"campus":false},"geometry":{"type":"Polygon","coordinates":[[[-80.5469976,43.4654532],[-80.5469513,43.465497],[-80.5468968,43.4654666],[-80.5469431,43.4654228],[-80.5469976,43.4654532]]]}},{"type":"Feature","id":799387289,"properties":{"osm_id":799387289,"name":null,"code":null,"alt_code":null,"height_m":12,"levels":null,"campus":false},"geometry":{"type":"Polygon","coordinates":[[[-80.5472168,43.4652755],[-80.5471252,43.4653727],[-80.547171,43.4653954],[-80.5471289,43.4654401],[-80.5470831,43.4654173],[-80.5470465,43.4654561],[-80.5469659,43.465416],[-80.5469919,43.4653885],[-80.5469596,43.4653725],[-80.5469916,43.4653385],[-80.5469705,43.465328],[-80.5470045,43.4652919],[-80.5470256,43.4653024],[-80.5471039,43.4652194],[-80.5472168,43.4652755]]]}},{"type":"Feature","id":799387291,"properties":{"osm_id":799387291,"name":null,"code":null,"alt_code":null,"height_m":12,"levels":null,"campus":false},"geometry":{"type":"Polygon","coordinates":[[[-80.5475038,43.4655617],[-80.5474844,43.4655228],[-80.5475438,43.4655071],[-80.5475632,43.4655461],[-80.5475038,43.4655617]]]}},{"type":"Feature","id":799387292,"properties":{"osm_id":799387292,"name":null,"code":null,"alt_code":null,"height_m":12,"levels":null,"campus":false},"geometry":{"type":"Polygon","coordinates":[[[-80.5472081,43.465532],[-80.5473637,43.4656722],[-80.5472571,43.4657345],[-80.5471948,43.4656783],[-80.5472123,43.4656681],[-80.5471191,43.4655841],[-80.5472081,43.465532]]]}},{"type":"Feature","id":799387293,"properties":{"osm_id":799387293,"name":null,"code":null,"alt_code":null,"height_m":12,"levels":null,"campus":false},"geometry":{"type":"Polygon","coordinates":[[[-80.5474435,43.4658946],[-80.5473014,43.4657777],[-80.5474463,43.465685],[-80.5475069,43.4657348],[-80.5474873,43.4657473],[-80.5475688,43.4658143],[-80.5474435,43.4658946]]]}},{"type":"Feature","id":799387294,"properties":{"osm_id":799387294,"name":null,"code":null,"alt_code":null,"height_m":12,"levels":null,"campus":false},"geometry":{"type":"Polygon","coordinates":[[[-80.5475353,43.4658985],[-80.5476671,43.4658141],[-80.5478073,43.4659295],[-80.5476879,43.466006],[-80.5476274,43.4659563],[-80.5476152,43.4659642],[-80.5475353,43.4658985]]]}},{"type":"Feature","id":799387295,"properties":{"osm_id":799387295,"name":null,"code":null,"alt_code":null,"height_m":12,"levels":null,"campus":false},"geometry":{"type":"Polygon","coordinates":[[[-80.547943,43.4670095],[-80.5478559,43.4668966],[-80.5480709,43.4668092],[-80.5481215,43.4668748],[-80.5480588,43.4669003],[-80.5480584,43.4669144],[-80.5479964,43.4669397],[-80.5480247,43.4669763],[-80.547943,43.4670095]]]}},{"type":"Feature","id":799387297,"properties":{"osm_id":799387297,"name":null,"code":null,"alt_code":null,"height_m":12,"levels":null,"campus":false},"geometry":{"type":"Polygon","coordinates":[[[-80.5479249,43.4660211],[-80.5481076,43.4659892],[-80.548151,43.4661198],[-80.5481144,43.4661262],[-80.5481219,43.4661487],[-80.548139,43.4661457],[-80.5481647,43.4662231],[-80.5480747,43.4662389],[-80.5480645,43.4662083],[-80.5479913,43.4662211],[-80.5479249,43.4660211]]]}},{"type":"Feature","id":799387298,"properties":{"osm_id":799387298,"name":null,"code":null,"alt_code":null,"height_m":12,"levels":null,"campus":false},"geometry":{"type":"Polygon","coordinates":[[[-80.547789,43.4664507],[-80.5478722,43.4663485],[-80.5479089,43.4663643],[-80.5479175,43.4663537],[-80.5479092,43.4663501],[-80.5479601,43.4662875],[-80.5480526,43.4663271],[-80.547993,43.4664003],[-80.5480282,43.4664154],[-80.5479896,43.4664629],[-80.5479318,43.4664755],[-80.5479183,43.4664697],[-80.5478963,43.4664967],[-80.547789,43.4664507]]]}},{"type":"Feature","id":799387299,"properties":{"osm_id":799387299,"name":null,"code":null,"alt_code":null,"height_m":12,"levels":null,"campus":false},"geometry":{"type":"Polygon","coordinates":[[[-80.5475226,43.4667677],[-80.5474793,43.4667581],[-80.5474944,43.4667219],[-80.5475377,43.4667315],[-80.5475226,43.4667677]]]}},{"type":"Feature","id":799387300,"properties":{"osm_id":799387300,"name":null,"code":null,"alt_code":null,"height_m":12,"levels":null,"campus":false},"geometry":{"type":"Polygon","coordinates":[[[-80.5477546,43.4665993],[-80.5475496,43.4666435],[-80.5475193,43.4667161],[-80.5474296,43.4666963],[-80.5474722,43.4665943],[-80.5475016,43.4665749],[-80.5474942,43.4665569],[-80.5475951,43.4665351],[-80.5475836,43.4665071],[-80.5476303,43.466497],[-80.5476418,43.466525],[-80.5477175,43.4665087],[-80.5477546,43.4665993]]]}},{"type":"Feature","id":799387302,"properties":{"osm_id":799387302,"name":null,"code":null,"alt_code":null,"height_m":12,"levels":null,"campus":false},"geometry":{"type":"Polygon","coordinates":[[[-80.5472225,43.4666063],[-80.5471178,43.4665833],[-80.5470913,43.4665457],[-80.5471327,43.4664467],[-80.547276,43.4664783],[-80.5472431,43.4665571],[-80.5473634,43.4665836],[-80.5473314,43.4666604],[-80.5473021,43.4666539],[-80.547305,43.4666472],[-80.5472218,43.4666289],[-80.5472328,43.4666025],[-80.5472249,43.4666007],[-80.5472225,43.4666063]]]}},{"type":"Feature","id":799387304,"properties":{"osm_id":799387304,"name":null,"code":null,"alt_code":null,"height_m":12,"levels":null,"campus":false},"geometry":{"type":"Polygon","coordinates":[[[-80.5471739,43.4662114],[-80.5471599,43.4662197],[-80.5472228,43.4662759],[-80.5471174,43.4663382],[-80.5470544,43.4662819],[-80.5470326,43.4662948],[-80.5469482,43.4662193],[-80.5470894,43.466136],[-80.5471739,43.4662114]]]}},{"type":"Feature","id":799387306,"properties":{"osm_id":799387306,"name":null,"code":null,"alt_code":null,"height_m":12,"levels":null,"campus":false},"geometry":{"type":"Polygon","coordinates":[[[-80.5469546,43.4660153],[-80.5470405,43.4660923],[-80.5468778,43.4661878],[-80.5468632,43.4661748],[-80.5468635,43.4661475],[-80.5468105,43.4661],[-80.546855,43.4660738],[-80.5467959,43.4660208],[-80.5468752,43.4659741],[-80.5469344,43.4660272],[-80.5469546,43.4660153]]]}},{"type":"Feature","id":799387307,"properties":{"osm_id":799387307,"name":null,"code":null,"alt_code":null,"height_m":12,"levels":null,"campus":false},"geometry":{"type":"Polygon","coordinates":[[[-80.5466294,43.4658659],[-80.5466544,43.4658506],[-80.5466371,43.4658357],[-80.5467142,43.4657885],[-80.5467714,43.4658377],[-80.5467634,43.4658426],[-80.5468166,43.4658884],[-80.5468237,43.4658841],[-80.5468625,43.4659175],[-80.5467612,43.4659794],[-80.5466294,43.4658659]]]}},{"type":"Feature","id":799387309,"properties":{"osm_id":799387309,"name":null,"code":null,"alt_code":null,"height_m":12,"levels":null,"campus":false},"geometry":{"type":"Polygon","coordinates":[[[-80.5465449,43.4656099],[-80.5466884,43.4657335],[-80.5465986,43.4657885],[-80.5465636,43.4657583],[-80.5465512,43.4657659],[-80.5464427,43.4656724],[-80.5465449,43.4656099]]]}},{"type":"Feature","id":799387310,"properties":{"osm_id":799387310,"name":null,"code":null,"alt_code":null,"height_m":12,"levels":null,"campus":false},"geometry":{"type":"Polygon","coordinates":[[[-80.5464296,43.4653369],[-80.5464738,43.4654119],[-80.546504,43.4654025],[-80.5465461,43.465474],[-80.5463777,43.4655262],[-80.5462915,43.4653797],[-80.5464296,43.4653369]]]}},{"type":"Feature","id":799387311,"properties":{"osm_id":799387311,"name":null,"code":null,"alt_code":null,"height_m":12,"levels":null,"campus":false},"geometry":{"type":"Polygon","coordinates":[[[-80.5461547,43.4656775],[-80.5460742,43.4656101],[-80.5461686,43.4655508],[-80.546157,43.465541],[-80.5462329,43.4654933],[-80.546325,43.4655705],[-80.5461547,43.4656775]]]}},{"type":"Feature","id":799387312,"properties":{"osm_id":799387312,"name":null,"code":null,"alt_code":null,"height_m":12,"levels":null,"campus":false},"geometry":{"type":"Polygon","coordinates":[[[-80.546091,43.4656926],[-80.5459495,43.4657977],[-80.5458483,43.465726],[-80.5459898,43.4656209],[-80.546091,43.4656926]]]}},{"type":"Feature","id":800167150,"properties":{"osm_id":800167150,"name":"Meet Fresh","code":null,"alt_code":null,"height_m":12,"levels":null,"campus":false},"geometry":{"type":"Polygon","coordinates":[[[-80.5363083,43.4724762],[-80.5361669,43.4725282],[-80.5361046,43.4724389],[-80.536246,43.4723869],[-80.5363083,43.4724762]]]}},{"type":"Feature","id":883462121,"properties":{"osm_id":883462121,"name":null,"code":null,"alt_code":null,"height_m":12,"levels":null,"campus":false},"geometry":{"type":"Polygon","coordinates":[[[-80.5434576,43.4764466],[-80.5433986,43.4763245],[-80.5433469,43.4763376],[-80.5434059,43.4764598],[-80.5434576,43.4764466]]]}},{"type":"Feature","id":894436107,"properties":{"osm_id":894436107,"name":"Univ of Waterloo Interlocking","code":null,"alt_code":null,"height_m":12,"levels":null,"campus":false},"geometry":{"type":"Polygon","coordinates":[[[-80.5413432,43.4732053],[-80.541286,43.4731466],[-80.5412552,43.4731624],[-80.5413124,43.4732211],[-80.5413432,43.4732053]]]}},{"type":"Feature","id":957225261,"properties":{"osm_id":957225261,"name":"Society 145","code":null,"alt_code":null,"height_m":12,"levels":null,"campus":false},"geometry":{"type":"Polygon","coordinates":[[[-80.5389084,43.4772277],[-80.5385219,43.4773694],[-80.5377408,43.4762758],[-80.5381002,43.4761396],[-80.538647,43.4768756],[-80.5389084,43.4772277]]]}},{"type":"Feature","id":996674217,"properties":{"osm_id":996674217,"name":null,"code":null,"alt_code":null,"height_m":12,"levels":null,"campus":true},"geometry":{"type":"Polygon","coordinates":[[[-80.5433383,43.4685985],[-80.5432859,43.4685202],[-80.5432469,43.468534],[-80.543207,43.4685481],[-80.5432594,43.4686264],[-80.5433383,43.4685985]]]}},{"type":"Feature","id":1027437247,"properties":{"osm_id":1027437247,"name":null,"code":null,"alt_code":null,"height_m":7,"levels":2,"campus":false},"geometry":{"type":"Polygon","coordinates":[[[-80.5434889,43.4709886],[-80.543505,43.4710118],[-80.5435512,43.4710812],[-80.5435328,43.4710879],[-80.5435166,43.4710939],[-80.5434531,43.4710011],[-80.543469,43.4709954],[-80.5434889,43.4709886]]]}},{"type":"Feature","id":1027581483,"properties":{"osm_id":1027581483,"name":null,"code":null,"alt_code":null,"height_m":7,"levels":2,"campus":false},"geometry":{"type":"Polygon","coordinates":[[[-80.5439316,43.4716172],[-80.5439002,43.4715726],[-80.5439068,43.4715702],[-80.5439128,43.4715681],[-80.5439279,43.4715631],[-80.5440529,43.4717382],[-80.5440521,43.4717385],[-80.5440496,43.4717394],[-80.5440227,43.4717492],[-80.544001,43.4717177],[-80.5439744,43.4716791],[-80.5439316,43.4716172]]]}},{"type":"Feature","id":1027588311,"properties":{"osm_id":1027588311,"name":null,"code":null,"alt_code":null,"height_m":7,"levels":2,"campus":false},"geometry":{"type":"Polygon","coordinates":[[[-80.5458459,43.4719584],[-80.5454913,43.4718808],[-80.5454898,43.4718845],[-80.545487,43.4718899],[-80.5454828,43.4719001],[-80.5457215,43.4719526],[-80.5457706,43.4719632],[-80.5458378,43.4719778],[-80.5458439,43.4719631],[-80.5458459,43.4719584]]]}},{"type":"Feature","id":1028284842,"properties":{"osm_id":1028284842,"name":null,"code":null,"alt_code":null,"height_m":7,"levels":2,"campus":false},"geometry":{"type":"Polygon","coordinates":[[[-80.5388395,43.4707948],[-80.538811,43.4708054],[-80.5388061,43.4708166],[-80.5388138,43.4708276],[-80.5388302,43.4708293],[-80.5388861,43.4708092],[-80.5390107,43.4709957],[-80.5391166,43.4709587],[-80.5389211,43.4706762],[-80.5388192,43.4707112],[-80.5388705,43.4707843],[-80.5388395,43.4707948]]]}},{"type":"Feature","id":1028284843,"properties":{"osm_id":1028284843,"name":null,"code":null,"alt_code":null,"height_m":12,"levels":null,"campus":false},"geometry":{"type":"Polygon","coordinates":[[[-80.5380313,43.4703443],[-80.5380274,43.4703523],[-80.5379256,43.4703251],[-80.5379178,43.4703184],[-80.5379156,43.4703081],[-80.5379188,43.4702998],[-80.5379235,43.4702907],[-80.5379322,43.4702862],[-80.5379417,43.4702819],[-80.5379536,43.4702823],[-80.5380502,43.4703056],[-80.5380439,43.4703185],[-80.53879,43.4705235],[-80.5387657,43.4705327],[-80.5387422,43.4705402],[-80.5380313,43.4703443]]]}},{"type":"Feature","id":1028284848,"properties":{"osm_id":1028284848,"name":null,"code":null,"alt_code":null,"height_m":10.5,"levels":3,"campus":false},"geometry":{"type":"Polygon","coordinates":[[[-80.5398317,43.4702382],[-80.539784,43.470168],[-80.5397622,43.4701759],[-80.5397338,43.4701348],[-80.5397224,43.4701389],[-80.5397152,43.4701415],[-80.5397081,43.4701441],[-80.5397221,43.4701644],[-80.5397848,43.4702553],[-80.5397992,43.47025],[-80.5398317,43.4702382]]]}},{"type":"Feature","id":1028424096,"properties":{"osm_id":1028424096,"name":null,"code":null,"alt_code":null,"height_m":7,"levels":2,"campus":false},"geometry":{"type":"Polygon","coordinates":[[[-80.5416948,43.4716128],[-80.5417445,43.4716877],[-80.5415412,43.471762],[-80.5415476,43.4717712],[-80.5415571,43.471785],[-80.5417999,43.4716953],[-80.5417328,43.471599],[-80.5417128,43.4716062],[-80.5416948,43.4716128]]]}},{"type":"Feature","id":1035250376,"properties":{"osm_id":1035250376,"name":null,"code":null,"alt_code":null,"height_m":12,"levels":null,"campus":false},"geometry":{"type":"Polygon","coordinates":[[[-80.5414285,43.4738823],[-80.5414002,43.4738437],[-80.5409607,43.4740137],[-80.540989,43.4740523],[-80.5414285,43.4738823]]]}},{"type":"Feature","id":1035250377,"properties":{"osm_id":1035250377,"name":null,"code":null,"alt_code":null,"height_m":12,"levels":null,"campus":false},"geometry":{"type":"Polygon","coordinates":[[[-80.5409699,43.4740597],[-80.5409416,43.4740211],[-80.5405044,43.4741902],[-80.5405327,43.4742288],[-80.5409699,43.4740597]]]}},{"type":"Feature","id":1035250378,"properties":{"osm_id":1035250378,"name":null,"code":null,"alt_code":null,"height_m":12,"levels":null,"campus":false},"geometry":{"type":"Polygon","coordinates":[[[-80.5404094,43.4740624],[-80.5403815,43.4740244],[-80.5410492,43.4737661],[-80.5410771,43.4738042],[-80.5404094,43.4740624]]]}},{"type":"Feature","id":1035250380,"properties":{"osm_id":1035250380,"name":null,"code":null,"alt_code":null,"height_m":12,"levels":null,"campus":false},"geometry":{"type":"Polygon","coordinates":[[[-80.5400213,43.4744268],[-80.5399936,43.4743897],[-80.5395557,43.4745618],[-80.5395833,43.4745989],[-80.5400213,43.4744268]]]}},{"type":"Feature","id":1035250381,"properties":{"osm_id":1035250381,"name":null,"code":null,"alt_code":null,"height_m":12,"levels":null,"campus":false},"geometry":{"type":"Polygon","coordinates":[[[-80.5391296,43.4747772],[-80.539102,43.4747401],[-80.5395369,43.4745692],[-80.5395645,43.4746063],[-80.5391296,43.4747772]]]}},{"type":"Feature","id":1035250382,"properties":{"osm_id":1035250382,"name":null,"code":null,"alt_code":null,"height_m":12,"levels":null,"campus":false},"geometry":{"type":"Polygon","coordinates":[[[-80.538999,43.4746018],[-80.5389677,43.4745594],[-80.5394068,43.4743927],[-80.5394353,43.4744318],[-80.538999,43.4746018]]]}},{"type":"Feature","id":1035250383,"properties":{"osm_id":1035250383,"name":null,"code":null,"alt_code":null,"height_m":12,"levels":null,"campus":false},"geometry":{"type":"Polygon","coordinates":[[[-80.5394236,43.4743836],[-80.539457,43.4744233],[-80.5398923,43.4742537],[-80.5398626,43.4742175],[-80.5394236,43.4743836]]]}},{"type":"Feature","id":1061535234,"properties":{"osm_id":1061535234,"name":"Elora House","code":null,"alt_code":null,"height_m":73.5,"levels":21,"campus":false},"geometry":{"type":"Polygon","coordinates":[[[-80.5368893,43.4731741],[-80.5368952,43.4731718],[-80.5369618,43.473262],[-80.5369559,43.4732643],[-80.5369725,43.4732869],[-80.5368877,43.4733198],[-80.5368774,43.4733058],[-80.5367794,43.4733439],[-80.5367897,43.4733579],[-80.5367016,43.4733922],[-80.5366849,43.4733696],[-80.536679,43.4733719],[-80.5366125,43.4732817],[-80.5366184,43.4732794],[-80.5365851,43.4732343],[-80.5365519,43.4731892],[-80.536546,43.4731915],[-80.5364794,43.4731013],[-80.5364853,43.473099],[-80.5364687,43.4730765],[-80.5365568,43.4730422],[-80.5365672,43.4730563],[-80.5366652,43.4730182],[-80.5366549,43.4730042],[-80.5367396,43.4729712],[-80.5367563,43.4729938],[-80.5367622,43.4729915],[-80.5368287,43.4730817],[-80.5368228,43.473084],[-80.5368893,43.4731741]]]}},{"type":"Feature","id":1174907713,"properties":{"osm_id":1174907713,"name":null,"code":null,"alt_code":null,"height_m":12,"levels":null,"campus":false},"geometry":{"type":"Polygon","coordinates":[[[-80.5514943,43.4672655],[-80.5516056,43.4674256],[-80.5515147,43.4674589],[-80.5514966,43.4674328],[-80.5514493,43.4674501],[-80.5513561,43.4673161],[-80.5514943,43.4672655]]]}},{"type":"Feature","id":1174907714,"properties":{"osm_id":1174907714,"name":null,"code":null,"alt_code":null,"height_m":12,"levels":null,"campus":false},"geometry":{"type":"Polygon","coordinates":[[[-80.5516944,43.4672288],[-80.5517687,43.4673373],[-80.5517228,43.4673538],[-80.551731,43.4673659],[-80.551698,43.4673778],[-80.5517112,43.4673971],[-80.5516327,43.4674253],[-80.5515371,43.4672855],[-80.5515933,43.4672652],[-80.5516026,43.4672453],[-80.5516271,43.4672364],[-80.5516524,43.4672439],[-80.5516944,43.4672288]]]}},{"type":"Feature","id":1174907715,"properties":{"osm_id":1174907715,"name":null,"code":null,"alt_code":null,"height_m":12,"levels":null,"campus":false},"geometry":{"type":"Polygon","coordinates":[[[-80.5519801,43.4673001],[-80.5518149,43.4673596],[-80.5517377,43.4672468],[-80.5518194,43.4672174],[-80.5518111,43.4672053],[-80.5518947,43.4671752],[-80.5519801,43.4673001]]]}},{"type":"Feature","id":1174907716,"properties":{"osm_id":1174907716,"name":null,"code":null,"alt_code":null,"height_m":12,"levels":null,"campus":false},"geometry":{"type":"Polygon","coordinates":[[[-80.552082,43.4671183],[-80.552157,43.467228],[-80.5520421,43.4672694],[-80.5520381,43.4672636],[-80.5519955,43.4672789],[-80.5519245,43.4671751],[-80.552082,43.4671183]]]}},{"type":"Feature","id":1174907719,"properties":{"osm_id":1174907719,"name":null,"code":null,"alt_code":null,"height_m":12,"levels":null,"campus":false},"geometry":{"type":"Polygon","coordinates":[[[-80.5520042,43.4669125],[-80.5520163,43.4669301],[-80.5519922,43.4669387],[-80.5519801,43.4669211],[-80.5520042,43.4669125]]]}},{"type":"Feature","id":1174907721,"properties":{"osm_id":1174907721,"name":null,"code":null,"alt_code":null,"height_m":12,"levels":null,"campus":false},"geometry":{"type":"Polygon","coordinates":[[[-80.5521779,43.4667416],[-80.5518929,43.4668443],[-80.5518631,43.4668007],[-80.5519062,43.4667852],[-80.5518715,43.4667345],[-80.5518565,43.4667399],[-80.5518287,43.4666994],[-80.5519784,43.4666454],[-80.5519974,43.4666733],[-80.5520052,43.4666705],[-80.5520258,43.4667006],[-80.552018,43.4667034],[-80.552028,43.466718],[-80.5521288,43.4666816],[-80.5521381,43.4666953],[-80.5521446,43.466693],[-80.5521779,43.4667416]]]}},{"type":"Feature","id":1174907722,"properties":{"osm_id":1174907722,"name":null,"code":null,"alt_code":null,"height_m":12,"levels":null,"campus":false},"geometry":{"type":"Polygon","coordinates":[[[-80.5517273,43.4667195],[-80.5516408,43.4665835],[-80.5518095,43.466527],[-80.5518443,43.4665817],[-80.5518277,43.4665873],[-80.5518421,43.4666099],[-80.5518656,43.4666021],[-80.5519029,43.4666607],[-80.5517273,43.4667195]]]}},{"type":"Feature","id":1174907723,"properties":{"osm_id":1174907723,"name":null,"code":null,"alt_code":null,"height_m":12,"levels":null,"campus":false},"geometry":{"type":"Polygon","coordinates":[[[-80.5515741,43.4665642],[-80.551531,43.4665741],[-80.5515184,43.466545],[-80.5515615,43.4665352],[-80.5515741,43.4665642]]]}},{"type":"Feature","id":1174907724,"properties":{"osm_id":1174907724,"name":null,"code":null,"alt_code":null,"height_m":12,"levels":null,"campus":false},"geometry":{"type":"Polygon","coordinates":[[[-80.5515761,43.4663951],[-80.5517022,43.4663664],[-80.5517149,43.4663958],[-80.5517226,43.4663941],[-80.5517391,43.4664321],[-80.5517477,43.4664301],[-80.5517592,43.4664566],[-80.5517777,43.4664524],[-80.5518026,43.46651],[-80.5516923,43.4665352],[-80.5516901,43.4665301],[-80.5516394,43.4665416],[-80.5516197,43.466496],[-80.5516001,43.4665004],[-80.5515693,43.466429],[-80.5515888,43.4664246],[-80.5515761,43.4663951]]]}},{"type":"Feature","id":1174907725,"properties":{"osm_id":1174907725,"name":null,"code":null,"alt_code":null,"height_m":12,"levels":null,"campus":false},"geometry":{"type":"Polygon","coordinates":[[[-80.5519006,43.466245],[-80.551844,43.4663005],[-80.5518223,43.4662888],[-80.5518176,43.4662933],[-80.5518307,43.4663003],[-80.5517733,43.4663565],[-80.5517209,43.4663283],[-80.5517082,43.4663407],[-80.5516799,43.4663255],[-80.5516552,43.4663269],[-80.5515997,43.466297],[-80.5516682,43.4662299],[-80.5516738,43.4662329],[-80.5517326,43.4661752],[-80.5517378,43.466178],[-80.5517744,43.4661421],[-80.5518261,43.4661699],[-80.5518164,43.4661794],[-80.5518565,43.466201],[-80.5518432,43.4662141],[-80.5519006,43.466245]]]}},{"type":"Feature","id":1174907726,"properties":{"osm_id":1174907726,"name":null,"code":null,"alt_code":null,"height_m":12,"levels":null,"campus":false},"geometry":{"type":"Polygon","coordinates":[[[-80.5521068,43.466152],[-80.5519967,43.4661909],[-80.5520085,43.4662086],[-80.5519222,43.466239],[-80.5518731,43.4661658],[-80.5518524,43.4661731],[-80.5518105,43.4661107],[-80.5520364,43.466031],[-80.5520633,43.4660712],[-80.5520547,43.4660742],[-80.5521068,43.466152]]]}},{"type":"Feature","id":1174907741,"properties":{"osm_id":1174907741,"name":null,"code":null,"alt_code":null,"height_m":12,"levels":null,"campus":false},"geometry":{"type":"Polygon","coordinates":[[[-80.5520689,43.4677629],[-80.5519981,43.4676595],[-80.5520859,43.4676278],[-80.5520505,43.4675762],[-80.552099,43.4675587],[-80.5521022,43.4675634],[-80.552134,43.4675519],[-80.5522303,43.4676925],[-80.5521931,43.4677059],[-80.5521998,43.4677157],[-80.5520689,43.4677629]]]}},{"type":"Feature","id":1174907742,"properties":{"osm_id":1174907742,"name":null,"code":null,"alt_code":null,"height_m":12,"levels":null,"campus":false},"geometry":{"type":"Polygon","coordinates":[[[-80.5520364,43.4677578],[-80.5519432,43.4677914],[-80.5519508,43.4678025],[-80.5518874,43.4678254],[-80.5517944,43.4676894],[-80.5518675,43.467663],[-80.551857,43.4676476],[-80.5519404,43.4676175],[-80.5520364,43.4677578]]]}},{"type":"Feature","id":1174907743,"properties":{"osm_id":1174907743,"name":null,"code":null,"alt_code":null,"height_m":12,"levels":null,"campus":false},"geometry":{"type":"Polygon","coordinates":[[[-80.5517585,43.4676846],[-80.5518685,43.4678452],[-80.5517109,43.467902],[-80.5516192,43.467768],[-80.5516615,43.4677527],[-80.5516528,43.4677401],[-80.5516861,43.4677281],[-80.5516765,43.4677141],[-80.5517585,43.4676846]]]}},{"type":"Feature","id":1174907770,"properties":{"osm_id":1174907770,"name":null,"code":null,"alt_code":null,"height_m":12,"levels":null,"campus":false},"geometry":{"type":"Polygon","coordinates":[[[-80.5519328,43.4681863],[-80.5521186,43.4681172],[-80.5521859,43.4682125],[-80.552066,43.4682571],[-80.5520563,43.4682434],[-80.5519904,43.4682679],[-80.5519328,43.4681863]]]}},{"type":"Feature","id":1174907787,"properties":{"osm_id":1174907787,"name":null,"code":null,"alt_code":null,"height_m":12,"levels":null,"campus":false},"geometry":{"type":"Polygon","coordinates":[[[-80.5520056,43.468725],[-80.5519813,43.4686289],[-80.5520665,43.4686175],[-80.5520611,43.4685964],[-80.552148,43.4685849],[-80.5521776,43.4687022],[-80.5520952,43.4687131],[-80.5520971,43.4687206],[-80.5520623,43.4687252],[-80.5520604,43.4687177],[-80.5520056,43.468725]]]}},{"type":"Feature","id":1246717243,"properties":{"osm_id":1246717243,"name":"Renison University College","code":"REN","alt_code":null,"height_m":12,"levels":null,"campus":true},"geometry":{"type":"Polygon","coordinates":[[[-80.5478627,43.4695317],[-80.547444,43.4694783],[-80.5474498,43.4694541],[-80.5474098,43.469449],[-80.5474249,43.4693867],[-80.5473945,43.4693828],[-80.5474168,43.4692906],[-80.547333,43.4692799],[-80.5473585,43.4691737],[-80.5473206,43.4691689],[-80.5473372,43.4691006],[-80.5472318,43.4690871],[-80.5472354,43.4690723],[-80.5471099,43.4690562],[-80.5471463,43.4689065],[-80.54727,43.4689223],[-80.5472723,43.4689131],[-80.5474017,43.4689297],[-80.547416,43.4688706],[-80.5473374,43.4688605],[-80.5473662,43.468742],[-80.5474513,43.4687529],[-80.5474594,43.4687193],[-80.5474505,43.4687182],[-80.5474484,43.468727],[-80.5471497,43.4686886],[-80.5470738,43.4686788],[-80.5470792,43.4686569],[-80.5470125,43.4686483],[-80.5469309,43.4689822],[-80.5469248,43.4689814],[-80.54692,43.4690013],[-80.5468347,43.4689903],[-80.5468373,43.4689795],[-80.5467742,43.4689714],[-80.5468239,43.4687679],[-80.5468001,43.4687648],[-80.546833,43.46863],[-80.5467043,43.4686134],[-80.5466445,43.468858],[-80.5465219,43.4688422],[-80.5466038,43.4685071],[-80.5467302,43.4685233],[-80.5467216,43.4685585],[-80.5468437,43.4685743],[-80.5468575,43.4685178],[-80.5469447,43.468529],[-80.5469925,43.4683335],[-80.5470152,43.4683364],[-80.54702,43.4683168],[-80.5470972,43.4683267],[-80.5470922,43.4683474],[-80.5471519,43.4683551],[-80.5471004,43.4685656],[-80.5474768,43.4686141],[-80.5474702,43.468641],[-80.5474783,43.468642],[-80.5475071,43.4686458],[-80.5475209,43.4685776],[-80.5475432,43.4685669],[-80.547637,43.4685791],[-80.547654,43.4685939],[-80.5476373,43.4686637],[-80.5476195,43.4686722],[-80.5476242,43.4686821],[-80.5476201,43.468699],[-80.5476284,43.4687],[-80.5476241,43.4687176],[-80.5478437,43.4687457],[-80.5478059,43.4689012],[-80.5479825,43.4689238],[-80.5479876,43.4689026],[-80.5481404,43.4689222],[-80.5481236,43.4689913],[-80.5482112,43.4690025],[-80.548137,43.4693074],[-80.5479772,43.469287],[-80.5480445,43.4690103],[-80.5479701,43.4690007],[-80.5479595,43.4690442],[-80.5475862,43.4689964],[-80.5475679,43.4690715],[-80.5475946,43.469075],[-80.5475741,43.4691607],[-80.5476053,43.4691647],[-80.5475793,43.4692721],[-80.5478713,43.4693094],[-80.5478638,43.4693406],[-80.547951,43.4693517],[-80.5479229,43.4694677],[-80.5478796,43.4694622],[-80.5478627,43.4695317]]]}},{"type":"Feature","id":1246720473,"properties":{"osm_id":1246720473,"name":null,"code":null,"alt_code":null,"height_m":12,"levels":null,"campus":false},"geometry":{"type":"Polygon","coordinates":[[[-80.5441122,43.4690285],[-80.5440624,43.4690451],[-80.544083,43.4690802],[-80.5441301,43.4690638],[-80.5441122,43.4690285]]]}},{"type":"Feature","id":1285259162,"properties":{"osm_id":1285259162,"name":"Yang’s Braised Chicken Rice","code":null,"alt_code":null,"height_m":12,"levels":null,"campus":false},"geometry":{"type":"Polygon","coordinates":[[[-80.5375627,43.4728576],[-80.5376089,43.4728387],[-80.5376892,43.4729423],[-80.5376434,43.4729611],[-80.5375627,43.4728576]]]}},{"type":"Feature","id":1285259163,"properties":{"osm_id":1285259163,"name":"The Friendly Vapour","code":null,"alt_code":null,"height_m":12,"levels":null,"campus":false},"geometry":{"type":"Polygon","coordinates":[[[-80.5375075,43.4728807],[-80.5375627,43.4728576],[-80.5376434,43.4729611],[-80.5375889,43.4729844],[-80.5375075,43.4728807]]]}},{"type":"Feature","id":1285660152,"properties":{"osm_id":1285660152,"name":null,"code":null,"alt_code":null,"height_m":12,"levels":null,"campus":false},"geometry":{"type":"Polygon","coordinates":[[[-80.5381073,43.4715518],[-80.5381316,43.4715925],[-80.5381963,43.4715716],[-80.5381862,43.4715231],[-80.5381073,43.4715518]]]}},{"type":"Feature","id":1342934521,"properties":{"osm_id":1342934521,"name":"Mathematics 3","code":"M3","alt_code":null,"height_m":14,"levels":4,"campus":true},"geometry":{"type":"Polygon","coordinates":[[[-80.5439962,43.4729838],[-80.543789,43.4730592],[-80.5437335,43.4730793],[-80.5437669,43.4731277],[-80.5437219,43.4731441],[-80.543914,43.4734222],[-80.5439569,43.4734066],[-80.5439934,43.4734596],[-80.5440389,43.4734431],[-80.5440291,43.4734288],[-80.544394,43.4732962],[-80.5444275,43.473284],[-80.5444339,43.4732933],[-80.5444689,43.4732806],[-80.5444346,43.4732309],[-80.5444157,43.4732378],[-80.5443276,43.4731103],[-80.5443486,43.4731026],[-80.5443032,43.4730368],[-80.5442866,43.4730428],[-80.5441957,43.4729113],[-80.5440482,43.4729664],[-80.5439962,43.4729838]]]}},{"type":"Feature","id":1389151534,"properties":{"osm_id":1389151534,"name":null,"code":null,"alt_code":null,"height_m":12,"levels":null,"campus":false},"geometry":{"type":"Polygon","coordinates":[[[-80.5392406,43.4719015],[-80.5392255,43.4719617],[-80.5391096,43.4720171],[-80.5390287,43.4719687],[-80.5389387,43.471915],[-80.5388487,43.4718613],[-80.5387587,43.4718076],[-80.5386687,43.4717538],[-80.5385787,43.4717001],[-80.5384887,43.4716464],[-80.5383987,43.4715927],[-80.538238,43.4714967],[-80.5384409,43.471424],[-80.5385297,43.4714771],[-80.5386197,43.4715308],[-80.5387097,43.4715845],[-80.5387997,43.4716383],[-80.5388897,43.471692],[-80.5389797,43.4717457],[-80.5390697,43.4717995],[-80.5391597,43.4718532],[-80.5392406,43.4719015]]]}},{"type":"Feature","id":1389151535,"properties":{"osm_id":1389151535,"name":null,"code":null,"alt_code":null,"height_m":12,"levels":null,"campus":false},"geometry":{"type":"Polygon","coordinates":[[[-80.5390888,43.4723607],[-80.5389992,43.4723965],[-80.5389096,43.4724322],[-80.5388199,43.472468],[-80.5387303,43.4725038],[-80.5386407,43.4725395],[-80.5385265,43.4723888],[-80.5386161,43.472353],[-80.5387057,43.4723172],[-80.5387954,43.4722815],[-80.538885,43.4722457],[-80.5389746,43.4722099],[-80.5390888,43.4723607]]]}},{"type":"Feature","id":1485569130,"properties":{"osm_id":1485569130,"name":null,"code":null,"alt_code":null,"height_m":12,"levels":null,"campus":false},"geometry":{"type":"Polygon","coordinates":[[[-80.543996,43.4703986],[-80.543989,43.4703452],[-80.5440614,43.4703461],[-80.5440751,43.4703955],[-80.544038,43.4703969],[-80.543996,43.4703986]]]}},{"type":"Feature","id":1485569131,"properties":{"osm_id":1485569131,"name":null,"code":null,"alt_code":null,"height_m":12,"levels":null,"campus":false},"geometry":{"type":"Polygon","coordinates":[[[-80.543271,43.4674451],[-80.5432487,43.4674126],[-80.5433244,43.4673861],[-80.5433416,43.46742],[-80.543271,43.4674451]]]}},{"type":"Feature","id":1488890714,"properties":{"osm_id":1488890714,"name":null,"code":null,"alt_code":null,"height_m":12,"levels":null,"campus":false},"geometry":{"type":"Polygon","coordinates":[[[-80.5402504,43.4686297],[-80.5402729,43.468635],[-80.5402594,43.4686646],[-80.540237,43.4686593],[-80.5402504,43.4686297]]]}},{"type":"Feature","id":1488890715,"properties":{"osm_id":1488890715,"name":null,"code":null,"alt_code":null,"height_m":12,"levels":null,"campus":false},"geometry":{"type":"Polygon","coordinates":[[[-80.5479438,43.4726918],[-80.5479738,43.4726944],[-80.5479684,43.4727276],[-80.5479384,43.472725],[-80.5479438,43.4726918]]]}},{"type":"Feature","id":1488890722,"properties":{"osm_id":1488890722,"name":null,"code":null,"alt_code":null,"height_m":12,"levels":null,"campus":false},"geometry":{"type":"Polygon","coordinates":[[[-80.5412373,43.4726796],[-80.5412548,43.4726677],[-80.5411988,43.4726246],[-80.5411813,43.4726365],[-80.5412373,43.4726796]]]}},{"type":"Feature","id":1534111675,"properties":{"osm_id":1534111675,"name":null,"code":null,"alt_code":null,"height_m":12,"levels":null,"campus":false},"geometry":{"type":"Polygon","coordinates":[[[-80.5427639,43.4757801],[-80.5427867,43.4757747],[-80.5427942,43.4757915],[-80.5427714,43.4757969],[-80.5427639,43.4757801]]]}},{"type":"Feature","id":1534111676,"properties":{"osm_id":1534111676,"name":null,"code":null,"alt_code":null,"height_m":12,"levels":null,"campus":false},"geometry":{"type":"Polygon","coordinates":[[[-80.540707,43.4726566],[-80.5407288,43.4726464],[-80.5407443,43.4726639],[-80.5407224,43.4726741],[-80.540707,43.4726566]]]}},{"type":"Feature","id":1538000962,"properties":{"osm_id":1538000962,"name":null,"code":null,"alt_code":null,"height_m":12,"levels":null,"campus":false},"geometry":{"type":"Polygon","coordinates":[[[-80.5381249,43.472118],[-80.5381482,43.472136],[-80.5382463,43.4722786],[-80.5381747,43.4723045],[-80.5381073,43.4723289],[-80.5380263,43.4723583],[-80.5379468,43.4723871],[-80.5378603,43.4724185],[-80.5377855,43.4724456],[-80.5377207,43.4724691],[-80.5377168,43.4724705],[-80.5376394,43.4724985],[-80.5375704,43.4725235],[-80.5374962,43.4725504],[-80.5373391,43.4726074],[-80.5371758,43.4726666],[-80.5371296,43.4725995],[-80.5370805,43.4725281],[-80.5370263,43.4724494],[-80.5371897,43.4723902],[-80.5373468,43.4723333],[-80.5374111,43.4723067],[-80.5374491,43.4723583],[-80.5381249,43.472118]]]}},{"type":"Feature","id":1544852727,"properties":{"osm_id":1544852727,"name":null,"code":null,"alt_code":null,"height_m":12,"levels":null,"campus":false},"geometry":{"type":"Polygon","coordinates":[[[-80.5450278,43.4727547],[-80.5450717,43.4727555],[-80.5451133,43.472739],[-80.5451372,43.4727093],[-80.5451365,43.4726749],[-80.5451113,43.4726458],[-80.545069,43.4726303],[-80.5450217,43.4726329],[-80.5449855,43.4726509],[-80.5449657,43.4726794],[-80.5449672,43.4727113],[-80.5449898,43.4727386],[-80.5450278,43.4727547]]]}},{"type":"Feature","id":3776384,"properties":{"osm_id":3776384,"name":"William G. Davis Computer Research Centre","code":"DC","alt_code":null,"height_m":10.5,"levels":3,"campus":true},"geometry":{"type":"MultiPolygon","coordinates":[[[[-80.5432635,43.4728432],[-80.5431934,43.4727417],[-80.543275,43.472712],[-80.5433543,43.4726421],[-80.543372,43.4726885],[-80.5433766,43.4726952],[-80.543424,43.4727639],[-80.5434356,43.4727806],[-80.5432635,43.4728432]]],[[[-80.5427103,43.4730444],[-80.5426821,43.4730037],[-80.5426692,43.472985],[-80.5426479,43.4729541],[-80.5426401,43.4729428],[-80.5426623,43.4729348],[-80.5429444,43.4728322],[-80.5430561,43.4727916],[-80.5431654,43.4727518],[-80.5431934,43.4727417],[-80.5432635,43.4728432],[-80.5432054,43.4728643],[-80.5431868,43.4728711],[-80.5431691,43.4728776],[-80.543085,43.4729081],[-80.5429592,43.4729539],[-80.5429151,43.4729699],[-80.5427958,43.4730133],[-80.542749,43.4730303],[-80.5427299,43.4730372],[-80.5427103,43.4730444]]],[[[-80.543085,43.4729081],[-80.5431014,43.4729319],[-80.5429756,43.4729777],[-80.5429592,43.4729539],[-80.543085,43.4729081]]],[[[-80.5420401,43.4720739],[-80.5416554,43.4722138],[-80.5416386,43.4722199],[-80.5416365,43.4722207],[-80.5416255,43.4722247],[-80.5415722,43.472244],[-80.5415873,43.472266],[-80.5417963,43.4725686],[-80.5418576,43.4726574],[-80.541879,43.4726884],[-80.5419098,43.472733],[-80.541931,43.4727637],[-80.5419397,43.4727764],[-80.5419612,43.4728074],[-80.5419685,43.4728181],[-80.5419784,43.4728324],[-80.5419845,43.4728413],[-80.5420287,43.4729052],[-80.5420637,43.4729559],[-80.5421116,43.4730252],[-80.5421473,43.4730769],[-80.542173,43.4731142],[-80.5422143,43.4731741],[-80.5422423,43.4732146],[-80.5422767,43.4732021],[-80.5423105,43.4731898],[-80.5423247,43.4731846],[-80.5423694,43.4731683],[-80.5423971,43.4731583],[-80.5424265,43.4731476],[-80.5424564,43.4731367],[-80.5424836,43.4731268],[-80.5425123,43.4731164],[-80.5425413,43.4731058],[-80.5425695,43.4730956],[-80.5425985,43.473085],[-80.5426283,43.4730742],[-80.5426691,43.4730594],[-80.5427103,43.4730444],[-80.5426821,43.4730037],[-80.5426692,43.472985],[-80.5426479,43.4729541],[-80.5426401,43.4729428],[-80.5426148,43.4729062],[-80.5425796,43.4728552],[-80.5425322,43.4727865],[-80.5424963,43.4727345],[-80.5424522,43.4726706],[-80.5424445,43.4726596],[-80.5424356,43.4726467],[-80.5424291,43.4726373],[-80.5424074,43.4726057],[-80.5423978,43.4725918],[-80.5423934,43.4725854],[-80.5423778,43.4725629],[-80.5423468,43.472518],[-80.5422616,43.4723946],[-80.5420559,43.4720968],[-80.5420401,43.4720739]]],[[[-80.5420401,43.4720739],[-80.5420559,43.4720968],[-80.5422616,43.4723946],[-80.5423948,43.4723462],[-80.5423857,43.4723329],[-80.5423792,43.4723236],[-80.5423744,43.4723165],[-80.5423709,43.4723116],[-80.5423507,43.4722823],[-80.5423287,43.4722504],[-80.5422732,43.4721701],[-80.5422671,43.4721612],[-80.5422389,43.4721203],[-80.5421734,43.4720254],[-80.5420941,43.4720543],[-80.5420433,43.4720727],[-80.5420401,43.4720739]]],[[[-80.5422423,43.4732146],[-80.5422303,43.4732189],[-80.5422102,43.4732262],[-80.5421016,43.4732657],[-80.5420723,43.4732764],[-80.5420523,43.4732837],[-80.542042,43.4732874],[-80.5420104,43.4732989],[-80.5419824,43.4732584],[-80.5419794,43.4732541],[-80.5419705,43.4732412],[-80.541941,43.4731985],[-80.5419775,43.4731853],[-80.5420048,43.4731753],[-80.5420327,43.4731652],[-80.5420597,43.4731554],[-80.5420879,43.4731451],[-80.5421149,43.4731353],[-80.542173,43.4731142],[-80.5422143,43.4731741],[-80.5422423,43.4732146]]],[[[-80.5421473,43.4730769],[-80.5421106,43.4730903],[-80.5421193,43.4731026],[-80.5420945,43.4731074],[-80.5419125,43.4731423],[-80.5418797,43.4731485],[-80.5418703,43.473135],[-80.5418373,43.4730878],[-80.5418341,43.4730832],[-80.5418308,43.4730785],[-80.5417985,43.4730323],[-80.5417885,43.4730179],[-80.5418159,43.4730021],[-80.541963,43.4729177],[-80.5419831,43.4729062],[-80.5419918,43.4729186],[-80.5420287,43.4729052],[-80.5420637,43.4729559],[-80.5421116,43.4730252],[-80.5421473,43.4730769]]],[[[-80.5426148,43.4729062],[-80.5426482,43.472894],[-80.5426559,43.4729052],[-80.5426754,43.4728946],[-80.5428235,43.4728107],[-80.5428512,43.4727943],[-80.5428415,43.4727806],[-80.5428085,43.472734],[-80.5428048,43.4727288],[-80.542802,43.4727248],[-80.542769,43.4726778],[-80.5427599,43.4726648],[-80.542728,43.4726706],[-80.5425463,43.4727048],[-80.5425214,43.4727097],[-80.5425312,43.472722],[-80.5424963,43.4727345],[-80.5425322,43.4727865],[-80.5425796,43.4728552],[-80.5426148,43.4729062]]],[[[-80.5424356,43.4726467],[-80.5424899,43.4726269],[-80.5424985,43.4726394],[-80.5425065,43.4726509],[-80.5424522,43.4726706],[-80.5424445,43.4726596],[-80.5424356,43.4726467]]],[[[-80.5419685,43.4728181],[-80.5419165,43.472837],[-80.5419325,43.4728602],[-80.5419845,43.4728413],[-80.5419784,43.4728324],[-80.5419685,43.4728181]]],[[[-80.5418576,43.4726574],[-80.541879,43.4726884],[-80.5419098,43.472733],[-80.541931,43.4727637],[-80.5419397,43.4727764],[-80.54193,43.4727799],[-80.5419176,43.4727844],[-80.5418028,43.4728262],[-80.5417644,43.4727706],[-80.5417485,43.4727475],[-80.5417206,43.4727071],[-80.5417701,43.4726892],[-80.5418576,43.4726574]]],[[[-80.54248,43.4724696],[-80.5424817,43.4724721],[-80.5424954,43.4724918],[-80.5425093,43.4725119],[-80.5425232,43.4725321],[-80.5425406,43.4725573],[-80.5424892,43.472576],[-80.5424679,43.4725837],[-80.5424196,43.4726013],[-80.5424134,43.4726035],[-80.5424074,43.4726057],[-80.5423978,43.4725918],[-80.5423934,43.4725854],[-80.5423778,43.4725629],[-80.5423468,43.472518],[-80.54248,43.4724696]]],[[[-80.5423948,43.4723462],[-80.5423982,43.4723511],[-80.5424121,43.4723711],[-80.5424259,43.4723912],[-80.5424273,43.4723932],[-80.5424388,43.4724099],[-80.5424401,43.4724117],[-80.5424438,43.472417],[-80.542454,43.4724319],[-80.5424681,43.4724523],[-80.54248,43.4724696],[-80.5423468,43.472518],[-80.5422616,43.4723946],[-80.5423948,43.4723462]]],[[[-80.5417963,43.4725686],[-80.5418576,43.4726574],[-80.5417701,43.4726892],[-80.5417206,43.4727071],[-80.5416922,43.4726659],[-80.5416594,43.4726184],[-80.5417963,43.4725686]]],[[[-80.5414353,43.4722938],[-80.5415157,43.4722646],[-80.5415646,43.4722468],[-80.5415722,43.472244],[-80.5415873,43.472266],[-80.5417963,43.4725686],[-80.5416594,43.4726184],[-80.5416407,43.4725914],[-80.5416374,43.4725866],[-80.5416328,43.4725799],[-80.5414353,43.4722938]]],[[[-80.5424438,43.472417],[-80.5427218,43.4723191],[-80.5427457,43.4723107],[-80.5427378,43.4722989],[-80.5427289,43.4722859],[-80.5426763,43.4723047],[-80.5424273,43.4723932],[-80.5424388,43.4724099],[-80.5424401,43.4724117],[-80.5424438,43.472417]]],[[[-80.5414836,43.4720192],[-80.5415136,43.4720083],[-80.5416554,43.4722138],[-80.5416386,43.4722199],[-80.5416365,43.4722207],[-80.5416255,43.4722247],[-80.5414836,43.4720192]]],[[[-80.541437,43.4720361],[-80.5414271,43.4720218],[-80.5414188,43.4720097],[-80.5413759,43.4719476],[-80.5413207,43.4718677],[-80.5412952,43.4718307],[-80.5412787,43.4718068],[-80.5412622,43.4717829],[-80.5412517,43.4717867],[-80.5412098,43.4718019],[-80.5411885,43.4718096],[-80.5411685,43.4718169],[-80.5411479,43.4718244],[-80.5411261,43.4718323],[-80.5411319,43.4718407],[-80.5410399,43.4718742],[-80.5410456,43.4718826],[-80.5410506,43.4718898],[-80.5411427,43.4718563],[-80.5411521,43.4718698],[-80.5411564,43.4718761],[-80.5411592,43.4718802],[-80.541172,43.4718987],[-80.5411847,43.4719171],[-80.5412399,43.4719971],[-80.541301,43.4720855],[-80.5413755,43.4720585],[-80.541427,43.4720397],[-80.541437,43.4720361]]],[[[-80.541437,43.4720361],[-80.541462,43.472027],[-80.5414836,43.4720192],[-80.5415136,43.4720083],[-80.541638,43.471963],[-80.5416716,43.4719508],[-80.5415571,43.471785],[-80.5415476,43.4717712],[-80.5415412,43.471762],[-80.5414967,43.4716976],[-80.5414075,43.47173],[-80.5413545,43.4717493],[-80.5412948,43.471771],[-80.5412855,43.4717744],[-80.5412622,43.4717829],[-80.5412787,43.4718068],[-80.5412952,43.4718307],[-80.5413207,43.4718677],[-80.5413759,43.4719476],[-80.5414188,43.4720097],[-80.5414271,43.4720218],[-80.541437,43.4720361]]]]}},{"type":"Feature","id":5228258,"properties":{"osm_id":5228258,"name":"Dag Hammarskjold Residence","code":null,"alt_code":null,"height_m":12,"levels":null,"campus":false},"geometry":{"type":"MultiPolygon","coordinates":[[[[-80.5352841,43.4721166],[-80.5352277,43.4720347],[-80.535264,43.4720216],[-80.535212,43.471946],[-80.5351941,43.4719525],[-80.5351708,43.4719188],[-80.5351555,43.4719243],[-80.5351395,43.4719011],[-80.535122,43.4719074],[-80.5350873,43.4718569],[-80.5350331,43.4718766],[-80.5350258,43.4718659],[-80.534987,43.4718799],[-80.5350449,43.471964],[-80.5350026,43.4719794],[-80.5351569,43.4722034],[-80.5353065,43.4721492],[-80.5352841,43.4721166]]],[[[-80.535264,43.4720216],[-80.5352277,43.4720347],[-80.5352841,43.4721166],[-80.5353511,43.4720924],[-80.5352947,43.4720104],[-80.535264,43.4720216]]],[[[-80.5353065,43.4721492],[-80.5351569,43.4722034],[-80.5350026,43.4719794],[-80.5350449,43.471964],[-80.534987,43.4718799],[-80.5350258,43.4718659],[-80.5350331,43.4718766],[-80.5350873,43.4718569],[-80.535122,43.4719074],[-80.5351395,43.4719011],[-80.5351555,43.4719243],[-80.5351708,43.4719188],[-80.5351941,43.4719525],[-80.535212,43.471946],[-80.535264,43.4720216],[-80.5352277,43.4720347],[-80.5352841,43.4721166],[-80.5353065,43.4721492]]]]}},{"type":"Feature","id":8765264,"properties":{"osm_id":8765264,"name":"William G. Davis Computer Research Centre","code":"DC","alt_code":null,"height_m":14,"levels":4,"campus":true},"geometry":{"type":"MultiPolygon","coordinates":[[[[-80.5416554,43.4722138],[-80.5420401,43.4720739],[-80.5420433,43.4720727],[-80.5420941,43.4720543],[-80.5421734,43.4720254],[-80.5422389,43.4721203],[-80.5422671,43.4721612],[-80.5422732,43.4721701],[-80.5423287,43.4722504],[-80.5423507,43.4722823],[-80.5423709,43.4723116],[-80.5423744,43.4723165],[-80.5423792,43.4723236],[-80.5423857,43.4723329],[-80.5423948,43.4723462],[-80.5423982,43.4723511],[-80.5424121,43.4723711],[-80.5424259,43.4723912],[-80.5424273,43.4723932],[-80.5426763,43.4723047],[-80.5427289,43.4722859],[-80.5427378,43.4722989],[-80.5427457,43.4723107],[-80.5427218,43.4723191],[-80.5424438,43.472417],[-80.542454,43.4724319],[-80.5424681,43.4724523],[-80.54248,43.4724696],[-80.5424817,43.4724721],[-80.5424954,43.4724918],[-80.5425093,43.4725119],[-80.5425232,43.4725321],[-80.5425406,43.4725573],[-80.5424892,43.472576],[-80.5424679,43.4725837],[-80.5424196,43.4726013],[-80.5424134,43.4726035],[-80.5424074,43.4726057],[-80.5424291,43.4726373],[-80.5424356,43.4726467],[-80.5424445,43.4726596],[-80.5424522,43.4726706],[-80.5424963,43.4727345],[-80.5425312,43.472722],[-80.5425214,43.4727097],[-80.5425463,43.4727048],[-80.542728,43.4726706],[-80.5427599,43.4726648],[-80.542769,43.4726778],[-80.542802,43.4727248],[-80.5428048,43.4727288],[-80.5428085,43.472734],[-80.5428415,43.4727806],[-80.5428512,43.4727943],[-80.5428235,43.4728107],[-80.5426754,43.4728946],[-80.5426559,43.4729052],[-80.5426482,43.472894],[-80.5426148,43.4729062],[-80.5426401,43.4729428],[-80.5426623,43.4729348],[-80.5429444,43.4728322],[-80.5430561,43.4727916],[-80.5431654,43.4727518],[-80.5431934,43.4727417],[-80.543275,43.472712],[-80.5433543,43.4726421],[-80.5433766,43.4726952],[-80.543424,43.4727639],[-80.5434356,43.4727806],[-80.5432635,43.4728432],[-80.5432054,43.4728643],[-80.5431868,43.4728711],[-80.5431691,43.4728776],[-80.543085,43.4729081],[-80.5431014,43.4729319],[-80.5429756,43.4729777],[-80.5429592,43.4729539],[-80.5429151,43.4729699],[-80.5427958,43.4730133],[-80.542749,43.4730303],[-80.5427299,43.4730372],[-80.5427103,43.4730444],[-80.5426691,43.4730594],[-80.5426283,43.4730742],[-80.5425985,43.473085],[-80.5425695,43.4730956],[-80.5425413,43.4731058],[-80.5425123,43.4731164],[-80.5424836,43.4731268],[-80.5424564,43.4731367],[-80.5424265,43.4731476],[-80.5423971,43.4731583],[-80.5423694,43.4731683],[-80.5423247,43.4731846],[-80.5423105,43.4731898],[-80.5422767,43.4732021],[-80.5422423,43.4732146],[-80.5422303,43.4732189],[-80.5422102,43.4732262],[-80.5421016,43.4732657],[-80.5420723,43.4732764],[-80.5420523,43.4732837],[-80.542042,43.4732874],[-80.5420104,43.4732989],[-80.5419824,43.4732584],[-80.5419794,43.4732541],[-80.5419705,43.4732412],[-80.541941,43.4731985],[-80.5419775,43.4731853],[-80.5420048,43.4731753],[-80.5420327,43.4731652],[-80.5420597,43.4731554],[-80.5420879,43.4731451],[-80.5421149,43.4731353],[-80.542173,43.4731142],[-80.5421473,43.4730769],[-80.5421106,43.4730903],[-80.5421193,43.4731026],[-80.5420945,43.4731074],[-80.5419125,43.4731423],[-80.5418797,43.4731485],[-80.5418703,43.473135],[-80.5418373,43.4730878],[-80.5418341,43.4730832],[-80.5418308,43.4730785],[-80.5417985,43.4730323],[-80.5417885,43.4730179],[-80.5418159,43.4730021],[-80.541963,43.4729177],[-80.5419831,43.4729062],[-80.5419918,43.4729186],[-80.5420287,43.4729052],[-80.5419845,43.4728413],[-80.5419784,43.4728324],[-80.5419685,43.4728181],[-80.5419612,43.4728074],[-80.5419397,43.4727764],[-80.54193,43.4727799],[-80.5419176,43.4727844],[-80.5418028,43.4728262],[-80.5417644,43.4727706],[-80.5417485,43.4727475],[-80.5417206,43.4727071],[-80.5416922,43.4726659],[-80.5416594,43.4726184],[-80.5416407,43.4725914],[-80.5416374,43.4725866],[-80.5416328,43.4725799],[-80.5414353,43.4722938],[-80.5415157,43.4722646],[-80.5415646,43.4722468],[-80.5415722,43.472244],[-80.5416255,43.4722247],[-80.5414836,43.4720192],[-80.541462,43.472027],[-80.541437,43.4720361],[-80.541427,43.4720397],[-80.5413755,43.4720585],[-80.541301,43.4720855],[-80.5412399,43.4719971],[-80.5411847,43.4719171],[-80.541172,43.4718987],[-80.5411592,43.4718802],[-80.5411564,43.4718761],[-80.5411521,43.4718698],[-80.5411427,43.4718563],[-80.5410506,43.4718898],[-80.5410456,43.4718826],[-80.5410399,43.4718742],[-80.5411319,43.4718407],[-80.5411261,43.4718323],[-80.5411479,43.4718244],[-80.5411685,43.4718169],[-80.5411885,43.4718096],[-80.5412098,43.4718019],[-80.5412517,43.4717867],[-80.5412622,43.4717829],[-80.5412855,43.4717744],[-80.5412948,43.471771],[-80.5413545,43.4717493],[-80.5414075,43.47173],[-80.5414967,43.4716976],[-80.5415412,43.471762],[-80.5415476,43.4717712],[-80.5415571,43.471785],[-80.5416716,43.4719508],[-80.541638,43.471963],[-80.5415136,43.4720083],[-80.5416554,43.4722138]]]]}}]}